-- phpMyAdmin SQL Dump
-- version 4.4.15.10
-- https://www.phpmyadmin.net
--
-- Host: 127.0.0.1:3306
-- Generation Time: 2020-01-05 13:35:54
-- 服务器版本： 10.3.18-MariaDB
-- PHP Version: 5.6.40

SET SQL_MODE = "NO_AUTO_VALUE_ON_ZERO";
SET time_zone = "+00:00";


/*!40101 SET @OLD_CHARACTER_SET_CLIENT=@@CHARACTER_SET_CLIENT */;
/*!40101 SET @OLD_CHARACTER_SET_RESULTS=@@CHARACTER_SET_RESULTS */;
/*!40101 SET @OLD_COLLATION_CONNECTION=@@COLLATION_CONNECTION */;
/*!40101 SET NAMES utf8mb4 */;

--
-- Database: `game`
--

-- --------------------------------------------------------

--
-- 表的结构 `boss`
--

CREATE TABLE IF NOT EXISTS `boss` (
  `bossname` text NOT NULL,
  `bossinfo` text NOT NULL,
  `bosslv` text NOT NULL,
  `bosshp` varchar(255) NOT NULL,
  `bossmaxhp` varchar(255) NOT NULL,
  `bossgj` varchar(255) NOT NULL,
  `bossfy` varchar(255) NOT NULL,
  `bossbj` varchar(255) NOT NULL,
  `bossxx` varchar(255) NOT NULL,
  `bosszb` varchar(255) NOT NULL,
  `bossdj` varchar(255) NOT NULL,
  `bossid` int(10) unsigned NOT NULL,
  `bs` int(255) NOT NULL,
  `bosstime` datetime NOT NULL
) ENGINE=MyISAM AUTO_INCREMENT=3 DEFAULT CHARSET=gb2312;

-- --------------------------------------------------------

--
-- 表的结构 `bugcollect`
--

CREATE TABLE IF NOT EXISTS `bugcollect` (
  `id` int(11) NOT NULL,
  `uname` varchar(255) COLLATE utf8mb4_unicode_ci NOT NULL,
  `title` varchar(255) COLLATE utf8mb4_unicode_ci NOT NULL,
  `content` varchar(255) COLLATE utf8mb4_unicode_ci NOT NULL,
  `uptime` varchar(255) COLLATE utf8mb4_unicode_ci NOT NULL,
  `uid` int(11) NOT NULL
) ENGINE=MyISAM AUTO_INCREMENT=30 DEFAULT CHARSET=utf8mb4 COLLATE=utf8mb4_unicode_ci;

--
-- 转存表中的数据 `bugcollect`
--

INSERT INTO `bugcollect` (`id`, `uname`, `title`, `content`, `uptime`, `uid`) VALUES
(29, '冥羽', '血药', '满血了还能用，万一手残了满血把最后一个血药点了，那就是另一个故事了（事故）', '2020-01-02 21:07:09', 424),
(28, '黑猫丶', '道具', '道具卖了0灵石', '2020-01-02 20:54:36 [done]', 431),
(27, '黑猫丶', '名字', '名字可以重复啊', '2020-01-02 20:49:18 [done]', 431),
(26, '冥羽', '那个啥', '我觉得吧，我可以疯狂小号，然后挂一点装备刷钱', '2020-01-02 20:48:15', 424),
(25, '黑猫丶', '关于战斗', '战斗后你的血会回满。。', '2020-01-02 20:42:19 [lv<=10]', 431),
(24, '黑猫丶', '提交bug', '提交bug时会有源码出现', '2020-01-02 20:37:39 [done]', 431),
(21, '冥羽', '打怪经验有问题，顺便提个建议', '每大于一级就多十点经验，小于人物5级就没有经验，经验增加上限为100', '2020-01-02 18:16:43 [done]', 424),
(23, '黑猫丶', '聊天空白', '聊天会出现空白', '2020-01-02 20:36:20 [done]', 431);

-- --------------------------------------------------------

--
-- 表的结构 `club`
--

CREATE TABLE IF NOT EXISTS `club` (
  `clubname` varchar(255) NOT NULL,
  `clubinfo` varchar(255) NOT NULL,
  `clublv` varchar(255) NOT NULL,
  `clubid` int(11) NOT NULL,
  `clubno1` int(11) NOT NULL,
  `clubexp` int(11) NOT NULL,
  `clubyxb` int(11) NOT NULL,
  `clubczb` int(11) NOT NULL
) ENGINE=MyISAM AUTO_INCREMENT=5 DEFAULT CHARSET=utf8;

--
-- 转存表中的数据 `club`
--

INSERT INTO `club` (`clubname`, `clubinfo`, `clublv`, `clubid`, `clubno1`, `clubexp`, `clubyxb`, `clubczb`) VALUES
('风云', '111', '1', 1, 423, 0, 0, 0),
('快活城', '快乐一生', '1', 3, 422, 0, 0, 0),
('冥凤', '幽冥之凤', '1', 4, 424, 0, 0, 0);

-- --------------------------------------------------------

--
-- 表的结构 `clubplayer`
--

CREATE TABLE IF NOT EXISTS `clubplayer` (
  `clubid` int(11) NOT NULL,
  `sid` varchar(255) NOT NULL,
  `uid` int(11) NOT NULL,
  `uclv` int(11) NOT NULL
) ENGINE=MyISAM DEFAULT CHARSET=utf8;

--
-- 转存表中的数据 `clubplayer`
--

INSERT INTO `clubplayer` (`clubid`, `sid`, `uid`, `uclv`) VALUES
(1, '0268fe396bc44c608aa9a18d6a0cb549', 423, 1),
(3, '3c9d1d6c8f225e9e4139cccd830fdd00', 422, 1),
(4, 'f76c11b6601d3a6ce505c616b64ed478', 424, 1);

-- --------------------------------------------------------

--
-- 表的结构 `daoju`
--

CREATE TABLE IF NOT EXISTS `daoju` (
  `djname` varchar(255) NOT NULL,
  `djzl` varchar(255) NOT NULL,
  `djinfo` varchar(255) NOT NULL,
  `djid` int(11) NOT NULL,
  `djyxb` int(11) NOT NULL
) ENGINE=MyISAM AUTO_INCREMENT=13 DEFAULT CHARSET=utf8;

--
-- 转存表中的数据 `daoju`
--

INSERT INTO `daoju` (`djname`, `djzl`, `djinfo`, `djid`, `djyxb`) VALUES
('强化石', '2', '强化装备用的道具', 1, 10),
('符箓残页-初级灵', '', '兑换符箓用的', 6, 1),
('符箓残页-初级魔', '', '兑换符箓', 7, 1),
('硬翅蜂蜜', '', '硬翅蜂的蜂蜜', 8, 1),
('符箓残页-初级蛮', '', '符箓残页-初级蛮', 9, 1),
('符箓残页-中级灵', '', '符箓残页-中级灵', 10, 5),
('初级魔灵', '', '初级魔灵', 11, 10),
('[神器]妖王剑碎片', '', '[神器]妖王剑碎片', 12, 100);

-- --------------------------------------------------------

--
-- 表的结构 `duihuan`
--

CREATE TABLE IF NOT EXISTS `duihuan` (
  `dhm` varchar(255) NOT NULL,
  `dhzb` varchar(255) DEFAULT NULL,
  `dhdj` varchar(255) DEFAULT NULL,
  `dhyp` varchar(255) DEFAULT NULL,
  `dhyxb` int(11) NOT NULL,
  `dhczb` int(11) NOT NULL,
  `dhname` varchar(255) DEFAULT NULL,
  `dhexp` int(11) NOT NULL,
  `dhid` int(11) unsigned NOT NULL
) ENGINE=MyISAM AUTO_INCREMENT=22 DEFAULT CHARSET=utf8;

--
-- 转存表中的数据 `duihuan`
--

INSERT INTO `duihuan` (`dhm`, `dhzb`, `dhdj`, `dhyp`, `dhyxb`, `dhczb`, `dhname`, `dhexp`, `dhid`) VALUES
('49852B2FA355EA54', '33', '1|100', '9|100', 0, 0, '新手升级包', 88888, 1),
('DA71AAF69D931648', '33', '1|100', '9|100', 0, 0, '新手升级包', 88888, 1),
('2B5BAECC1CBA455C', '33', '1|100', '9|100', 0, 0, '新手升级包', 88888, 1),
('C2BAF2D5ADF0C03E', '33', '1|100', '9|100', 0, 0, '新手升级包', 88888, 1),
('870C85455682BC80', '33', '1|100', '9|100', 0, 0, '新手升级包', 88888, 1),
('E3E4ED0CD757A3CF', '33', '1|100', '9|100', 0, 0, '新手升级包', 88888, 1),
('1B958DC758D1570C', '', '1|50', '', 0, 0, '20', 0, 7),
('0D959B010FF1EF9D', '33', '1|100', '9|100', 0, 0, '新手升级包', 88888, 1),
('240C93CAEA5F1FA9', '33', '1|100', '9|100', 0, 0, '新手升级包', 88888, 1),
('05EDE59AA14DD17A', '23,24,25,26,27,28,29', '', '', 0, 0, '12', 0, 3),
('BBAABF0C1E46ED70', '', '8|10,12|20', '', 0, 0, '30', 0, 17),
('EC13CD0E5601D140', '23,24,25,26,27,28,29', '', '', 0, 0, '12', 0, 6),
('98F01CDB439A05EF', '', '1|50', '', 0, 0, '20', 0, 9),
('C49212A00B3B11AB', '', '1|50', '', 0, 0, '20', 0, 10),
('26E3757F842DEABA', '', '8|10,12|20', '', 0, 0, '30', 0, 13),
('5FBC09F7745B3174', '', '8|10,12|20', '', 0, 0, '30', 0, 19);

-- --------------------------------------------------------

--
-- 表的结构 `exp`
--

CREATE TABLE IF NOT EXISTS `exp` (
  `ulv` text NOT NULL,
  `uexp` text NOT NULL
) ENGINE=MyISAM DEFAULT CHARSET=gb2312;

-- --------------------------------------------------------

--
-- 表的结构 `fangshi_dj`
--

CREATE TABLE IF NOT EXISTS `fangshi_dj` (
  `djid` int(11) NOT NULL,
  `djcount` int(11) NOT NULL,
  `uid` int(11) NOT NULL,
  `pay` int(11) NOT NULL,
  `payid` int(11) unsigned NOT NULL,
  `djname` varchar(255) NOT NULL,
  `djinfo` varchar(255) NOT NULL
) ENGINE=MyISAM AUTO_INCREMENT=11 DEFAULT CHARSET=utf8;

-- --------------------------------------------------------

--
-- 表的结构 `fangshi_zb`
--

CREATE TABLE IF NOT EXISTS `fangshi_zb` (
  `zbnowid` int(11) NOT NULL,
  `zbname` varchar(255) NOT NULL,
  `qianghua` int(11) NOT NULL,
  `pay` int(11) NOT NULL,
  `payid` int(11) NOT NULL,
  `zbinfo` varchar(255) NOT NULL,
  `zbgj` int(11) NOT NULL,
  `zbfy` int(11) NOT NULL,
  `zbbj` int(11) NOT NULL,
  `zbxx` int(11) NOT NULL,
  `zbid` int(11) NOT NULL,
  `uid` int(11) NOT NULL,
  `sid` int(11) NOT NULL,
  `zbhp` int(11) NOT NULL,
  `zblv` int(11) NOT NULL
) ENGINE=MyISAM AUTO_INCREMENT=9 DEFAULT CHARSET=utf8;

--
-- 转存表中的数据 `fangshi_zb`
--

INSERT INTO `fangshi_zb` (`zbnowid`, `zbname`, `qianghua`, `pay`, `payid`, `zbinfo`, `zbgj`, `zbfy`, `zbbj`, `zbxx`, `zbid`, `uid`, `sid`, `zbhp`, `zblv`) VALUES
(75679, '百炼轻蕊甲', 0, 300, 4, '百炼轻蕊甲', 0, 8, 0, 0, 28, 424, 0, 40, 0),
(75685, '清风护甲', 0, 100, 5, '取自清风常伴', 0, 5, 1, 0, 26, 424, 0, 25, 0),
(75687, '初级嗜血剑', 0, 20, 6, '初级嗜血剑', 2, 0, 1, 3, 29, 424, 0, 0, 0),
(75748, '百炼轻蕊甲', 0, 100, 7, '百炼轻蕊甲', 0, 8, 0, 0, 28, 434, 0, 40, 0),
(75749, '百炼轻蕊甲', 0, 100, 8, '百炼轻蕊甲', 0, 8, 0, 0, 28, 434, 0, 40, 0);

-- --------------------------------------------------------

--
-- 表的结构 `fb`
--

CREATE TABLE IF NOT EXISTS `fb` (
  `fbname` varchar(255) NOT NULL,
  `fbid` int(11) NOT NULL,
  `fbinfo` varchar(255) DEFAULT NULL
) ENGINE=MyISAM DEFAULT CHARSET=utf8mb4;

--
-- 转存表中的数据 `fb`
--

INSERT INTO `fb` (`fbname`, `fbid`, `fbinfo`) VALUES
('测试副本', 0, '测试用的副本');

-- --------------------------------------------------------

--
-- 表的结构 `fbmid`
--

CREATE TABLE IF NOT EXISTS `fbmid` (
  `fmname` varchar(255) NOT NULL,
  `fmid` int(11) NOT NULL,
  `fminfo` varchar(255) NOT NULL,
  `fmnpc` varchar(255) NOT NULL,
  `fmgw` varchar(255) NOT NULL
) ENGINE=MyISAM DEFAULT CHARSET=utf8mb4;

-- --------------------------------------------------------

--
-- 表的结构 `game1`
--

CREATE TABLE IF NOT EXISTS `game1` (
  `uid` int(11) NOT NULL,
  `sid` text CHARACTER SET utf8 NOT NULL,
  `token` text CHARACTER SET utf8 NOT NULL,
  `uname` text CHARACTER SET utf8 NOT NULL,
  `ulv` int(10) unsigned NOT NULL DEFAULT 1,
  `uyxb` int(11) NOT NULL DEFAULT 2000,
  `uczb` int(11) NOT NULL DEFAULT 100,
  `uexp` int(11) NOT NULL DEFAULT 0,
  `vip` int(11) NOT NULL DEFAULT 0,
  `uhp` int(11) NOT NULL DEFAULT 35,
  `umaxhp` int(11) NOT NULL DEFAULT 35,
  `ugj` int(11) NOT NULL DEFAULT 12,
  `ufy` int(11) NOT NULL DEFAULT 5,
  `usex` int(11) NOT NULL DEFAULT 1,
  `endtime` datetime NOT NULL,
  `nowmid` int(11) NOT NULL DEFAULT 225,
  `uwx` int(11) NOT NULL DEFAULT 0,
  `nowguaiwu` int(11) NOT NULL,
  `tool1` int(11) NOT NULL,
  `tool2` int(11) NOT NULL,
  `tool3` int(11) NOT NULL,
  `tool4` int(11) NOT NULL,
  `tool5` int(11) NOT NULL,
  `tool6` int(11) NOT NULL,
  `ubj` int(11) NOT NULL DEFAULT 0,
  `uxx` int(11) NOT NULL DEFAULT 0,
  `sfzx` int(11) NOT NULL DEFAULT 0,
  `qandaotime` datetime NOT NULL,
  `xiuliantime` datetime NOT NULL,
  `sfxl` int(11) NOT NULL DEFAULT 0,
  `yp1` int(11) NOT NULL,
  `yp2` int(11) NOT NULL,
  `yp3` int(11) NOT NULL,
  `cw` int(11) NOT NULL,
  `jn1` int(11) NOT NULL,
  `jn2` int(11) NOT NULL,
  `jn3` int(11) NOT NULL,
  `ispvp` int(11) NOT NULL DEFAULT 0
) ENGINE=InnoDB AUTO_INCREMENT=438 DEFAULT CHARSET=gb2312;

--
-- 转存表中的数据 `game1`
--

INSERT INTO `game1` (`uid`, `sid`, `token`, `uname`, `ulv`, `uyxb`, `uczb`, `uexp`, `vip`, `uhp`, `umaxhp`, `ugj`, `ufy`, `usex`, `endtime`, `nowmid`, `uwx`, `nowguaiwu`, `tool1`, `tool2`, `tool3`, `tool4`, `tool5`, `tool6`, `ubj`, `uxx`, `sfzx`, `qandaotime`, `xiuliantime`, `sfxl`, `yp1`, `yp2`, `yp3`, `cw`, `jn1`, `jn2`, `jn3`, `ispvp`) VALUES
(422, '3c9d1d6c8f225e9e4139cccd830fdd00', 'e8f07fd9dd9747eb7061440ea1f95577', '道长', 8, 797, 40, 79505, 0, 303, 257, 40, 31, 1, '2020-01-05 11:33:29', 225, 14, 0, 75683, 75709, 75715, 0, 0, 75717, 0, 0, 1, '0000-00-00 00:00:00', '2020-01-03 00:26:19', 1, 0, 0, 0, 3587, 0, 0, 0, 0),
(423, '0268fe396bc44c608aa9a18d6a0cb549', '634a3ef9c704b392f57961fe7f5b8dea', '道长1', 1, 2059, 100, 0, 0, 35, 35, 12, 5, 1, '2020-01-02 10:26:18', 273, 0, 0, 0, 0, 0, 0, 0, 0, 0, 0, 0, '0000-00-00 00:00:00', '0000-00-00 00:00:00', 0, 0, 0, 0, 0, 0, 0, 0, 0),
(424, 'f76c11b6601d3a6ce505c616b64ed478', '044ca22581d263964fd0158282fadb42', '冥羽', 11, 307, 48, 6020, 0, 247, 362, 55, 49, 2, '2020-01-03 19:50:50', 243, 20, 0, 75682, 75678, 75708, 75718, 75713, 75719, 0, 0, 1, '0000-00-00 00:00:00', '2020-01-02 17:43:00', 1, 6, 7, 0, 3590, 4, 5, 0, 0),
(426, '0ed4ce0a982475dad32cea331e8e50d7', '6b95038f4e35e4c204cd63c4291f47dc', '修罗', 3, 2438, 100, 543, 0, 32, 97, 20, 13, 1, '2020-01-02 17:55:11', 231, 4, 0, 75672, 0, 75669, 0, 0, 0, 0, 0, 0, '0000-00-00 00:00:00', '2020-01-02 17:54:14', 0, 6, 0, 0, 0, 0, 0, 0, 0),
(427, '9f98bca6ec1fa9e5b63f70012148b511', 'c911094e95590dda0b8a0813dca6f27f', '无敌', 1, 1880, 0, 159, 0, 35, 35, 12, 5, 1, '2020-01-04 14:38:34', 231, 0, 0, 75674, 0, 0, 0, 0, 0, 0, 0, 1, '0000-00-00 00:00:00', '2020-01-02 18:00:23', 1, 0, 0, 0, 3589, 0, 0, 0, 0),
(428, '4cd1cb0fe7fde3575154e1948a8062bc', 'a3f9ecbb5e8f608ebbf0416a51004bc7', '提米', 1, 2000, 100, 0, 0, 35, 35, 12, 5, 1, '2020-01-02 18:02:23', 225, 0, 0, 0, 0, 0, 0, 0, 0, 0, 0, 0, '0000-00-00 00:00:00', '0000-00-00 00:00:00', 0, 0, 0, 0, 0, 0, 0, 0, 0),
(429, 'bb1ffa393e016ec1e03fb5956a33dbb5', 'b9066cad96a2d83cc94596bbb09e763c', '莫轻狂', 1, 2000, 100, 0, 0, 35, 35, 12, 5, 1, '2020-01-02 18:41:14', 225, 0, 0, 0, 0, 0, 0, 0, 0, 0, 0, 0, '0000-00-00 00:00:00', '0000-00-00 00:00:00', 0, 0, 0, 0, 0, 0, 0, 0, 0),
(430, 'bd2c1545c6284ceb5cd83c9cbe1f8ec7', '0bcbf80f605a7a4b32629e5080292a39', '啦啦啦', 1, 2002, 100, 16, 0, 30, 35, 12, 5, 1, '2020-01-02 19:43:01', 228, 0, 0, 0, 0, 0, 0, 0, 0, 0, 0, 0, '0000-00-00 00:00:00', '0000-00-00 00:00:00', 0, 0, 0, 0, 0, 0, 0, 0, 0),
(431, '3bfa14243cba16bb92e090b54cc5d544', '5bcf6db33b57444bec34f05cf5fab6e8', '黑猫丶', 5, 2405, 50, 96, 0, 194, 157, 27, 19, 1, '2020-01-03 08:25:57', 231, 8, 0, 75659, 0, 75711, 0, 0, 0, 0, 0, 0, '0000-00-00 00:00:00', '2020-01-02 20:44:06', 1, 0, 0, 0, 3592, 0, 0, 0, 0),
(432, 'bdf741647eee48085f21de90ffcd99ba', 'a5318beda844395277cc8ca528f9cd16', '小焱夏', 1, 2000, 100, 0, 0, 35, 35, 12, 5, 1, '2020-01-02 20:44:26', 225, 0, 0, 0, 0, 0, 0, 0, 0, 0, 0, 0, '0000-00-00 00:00:00', '0000-00-00 00:00:00', 0, 0, 0, 0, 0, 0, 0, 0, 0),
(434, 'e14b6e0d27bea46402a112c75c170887', 'db7d71820512cabea82d964fb062e143', '太长', 5, 2816, 50, 583, 0, 175, 161, 27, 19, 1, '2020-01-03 06:33:11', 261, 8, 0, 75750, 0, 75747, 0, 0, 0, 0, 0, 1, '0000-00-00 00:00:00', '2020-01-03 00:32:54', 1, 0, 0, 0, 3591, 4, 0, 0, 0),
(435, '4f51a51d5a72504387e6fd56da3464fe', 'd9ffd17ec312dd7d906d3d0bd09e9c33', '代码李', 1, 2001, 100, 7, 0, 30, 35, 12, 5, 1, '2020-01-03 12:45:59', 228, 0, 0, 0, 0, 0, 0, 0, 0, 0, 0, 0, '0000-00-00 00:00:00', '0000-00-00 00:00:00', 0, 0, 0, 0, 0, 0, 0, 0, 0),
(436, 'f5c963924b0d34b2aca6761cdb32bbf3', '567e3d19771392bddf87d647b1c79370', '你大爷', 1, 2000, 100, 0, 0, 35, 35, 12, 5, 2, '2020-01-03 14:41:05', 225, 0, 0, 0, 0, 0, 0, 0, 0, 0, 0, 0, '0000-00-00 00:00:00', '0000-00-00 00:00:00', 0, 0, 0, 0, 0, 0, 0, 0, 0),
(437, '4cfb676f793c954980bab3c8ad2e2a5a', 'abec8758f4bb1bf557b0189d4e0ab5c6', '大梦想家', 1, 2001, 100, 9, 0, 30, 35, 12, 5, 1, '2020-01-05 11:19:22', 229, 0, 0, 0, 0, 0, 0, 0, 0, 0, 0, 1, '0000-00-00 00:00:00', '0000-00-00 00:00:00', 0, 0, 0, 0, 0, 0, 0, 0, 0);

-- --------------------------------------------------------

--
-- 表的结构 `gameconfig`
--

CREATE TABLE IF NOT EXISTS `gameconfig` (
  `firstmid` int(11) NOT NULL
) ENGINE=MyISAM DEFAULT CHARSET=utf8mb4;

--
-- 转存表中的数据 `gameconfig`
--

INSERT INTO `gameconfig` (`firstmid`) VALUES
(225);

-- --------------------------------------------------------

--
-- 表的结构 `ggliaotian`
--

CREATE TABLE IF NOT EXISTS `ggliaotian` (
  `name` text NOT NULL,
  `msg` text CHARACTER SET utf8mb4 NOT NULL,
  `id` int(255) NOT NULL,
  `uid` int(11) NOT NULL
) ENGINE=MyISAM AUTO_INCREMENT=4138 DEFAULT CHARSET=utf8;

--
-- 转存表中的数据 `ggliaotian`
--

INSERT INTO `ggliaotian` (`name`, `msg`, `id`, `uid`) VALUES
('道长', '12121', 4059, 422),
('道长', '12121', 4058, 422),
('道长', '尹志平道长修复了一堆bug，游戏改版升级中', 4057, 422),
('系统通知', '万中无一的冥羽踏上了仙途', 4060, 0),
('道长', '你好啊', 4061, 422),
('冥羽', '你好', 4062, 424),
('道长', '玩玩看，如何。有bug帮忙反馈呗', 4063, 422),
('系统通知', '万中无一的黑猫丶踏上了仙途', 4064, 0),
('道长', '黑猫你好啊', 4065, 422),
('黑猫丶', '有人吗', 4066, 425),
('黑猫丶', '怎么玩', 4067, 425),
('道长', '在呢', 4068, 422),
('黑猫丶', '', 4069, 425),
('黑猫丶', '这个怎么玩？', 4070, 425),
('道长', '先第一个地区找村长对话', 4071, 422),
('道长', '接了任务去打怪', 4072, 422),
('黑猫丶', '', 4073, 425),
('黑猫丶', '哦', 4074, 425),
('系统通知', '万中无一的修罗踏上了仙途', 4075, 0),
('道长', '出来聊天咯', 4076, 422),
('系统通知', '万中无一的无敌踏上了仙途', 4077, 0),
('道长', '', 4078, 422),
('道长', '卖了一把嗜血剑在坊市', 4079, 422),
('百晓生', '听说 道长 打死了 无敌', 4080, 0),
('系统通知', '万中无一的提米踏上了仙途', 4081, 0),
('道长', '卖了个头盔在坊市', 4082, 422),
('系统通知', '万中无一的莫轻狂踏上了仙途', 4083, 0),
('系统通知', '万中无一的啦啦啦踏上了仙途', 4084, 0),
('冥羽', '坊市挂了一个雷鹰护甲', 4085, 424),
('道长', '告诉你个秘密，血泪鹰项链带6个很厉害', 4086, 422),
('冥羽', '确实', 4087, 424),
('冥羽', '五个项链一个武器', 4088, 424),
('冥羽', '四个项链一个武器一个陨铁也不错哎', 4089, 424),
('道长', '五个黑魔匕首厉害', 4090, 422),
('道长', '还有那个打30个麒麟兽任务送的装备，带6个更猛', 4091, 422),
('冥羽', '等我打得过再说', 4092, 424),
('道长', '你还够钱突破等级吗，我卡在8级没钱突破了', 4093, 422),
('系统通知', '万中无一的黑猫丶踏上了仙途', 4094, 0),
('冥羽', '快没钱了', 4095, 424),
('黑猫丶', '道长能查到数据吗', 4096, 431),
('黑猫丶', '我原号不记得密码了', 4097, 431),
('黑猫丶', '', 4098, 431),
('道长', '你原号一样的才1级，无所谓', 4099, 422),
('黑猫丶', '好吧', 4100, 431),
('冥羽', '挂坊市了', 4101, 424),
('道长', '我还缺两个装备', 4102, 422),
('冥羽', '等一下', 4103, 424),
('冥羽', '我刷山鞘', 4104, 424),
('黑猫丶', '我觉得，点按钮不要刷新界面，有点麻烦', 4105, 431),
('道长', '这是执行cmd，刷新后取结果', 4106, 422),
('黑猫丶', '', 4107, 431),
('道长', '一般只有聊天会刷新', 4108, 422),
('黑猫丶', '可以像攻击那样，不刷新', 4109, 431),
('冥羽', '杀50个战士是不是有点多了', 4110, 424),
('道长', '不多，我之前就一直刷，6把中品吸血剑', 4111, 422),
('道长', '聊天好像可以手动刷新。待会儿考虑', 4112, 422),
('系统通知', '万中无一的小焱夏踏上了仙途', 4113, 0),
('黑猫丶', '手机可以用脚本吗', 4114, 431),
('冥羽', '下载一个自动精灵，自己做脚本', 4115, 424),
('黑猫丶', '道长不是做了个脚本吗', 4116, 431),
('冥羽', '不知道，我一路鼠标点过来的', 4117, 424),
('黑猫丶', '卖点便宜东西', 4118, 431),
('冥羽', '为啥我打怪不掉装备emmm', 4119, 424),
('黑猫丶', '有人吗', 4120, 425),
('道长', '我马上修好bug', 4121, 422),
('道长', '就可以支持聊天不用刷新了', 4122, 422),
('道长', '好了', 4123, 422),
('道长', '聊天bug修好了', 4124, 422),
('道长', '你们提交的bug，我在时间后面加了备注的说明修好了', 4125, 422),
('道长', '12121', 4126, 422),
('系统通知', '万中无一的道长踏上了仙途', 4127, 0),
('系统通知', '万中无一的太长踏上了仙途', 4128, 0),
('太长', '冒泡', 4129, 434),
('道长', '嘿嘿，这下聊天不会发送空白字符了', 4130, 422),
('太长', '给一些优化，一：战斗界面攻击按钮能不能放到左下角，或者怪物信息界面的攻击按钮能不能放在走边：二，卖东西希望能给个提示，不然手残点击一下出售的人就……三，想到再说', 4131, 434),
('道长', '可以提交bug。有按钮', 4132, 422),
('黑猫丶', '可以', 4133, 431),
('道长', '今天有时间再修修bug，有做个玩家管理后台用来删档的想法', 4134, 422),
('系统通知', '万中无一的代码李踏上了仙途', 4135, 0),
('系统通知', '万中无一的你大爷踏上了仙途', 4136, 0),
('系统通知', '万中无一的大梦想家踏上了仙途', 4137, 0);

-- --------------------------------------------------------

--
-- 表的结构 `guaiwu`
--

CREATE TABLE IF NOT EXISTS `guaiwu` (
  `gname` text CHARACTER SET utf8 NOT NULL,
  `glv` text NOT NULL,
  `id` int(11) NOT NULL,
  `ginfo` text CHARACTER SET utf8 NOT NULL,
  `gsex` varchar(255) NOT NULL,
  `ghp` int(11) NOT NULL,
  `ggj` int(11) NOT NULL,
  `gfy` int(11) NOT NULL,
  `gbj` int(11) NOT NULL,
  `gxx` int(11) NOT NULL,
  `gzb` text NOT NULL,
  `dljv` int(11) NOT NULL,
  `gdj` text NOT NULL,
  `djjv` int(11) NOT NULL,
  `gyp` text NOT NULL,
  `ypjv` int(11) NOT NULL
) ENGINE=MyISAM AUTO_INCREMENT=100 DEFAULT CHARSET=gb2312;

--
-- 转存表中的数据 `guaiwu`
--

INSERT INTO `guaiwu` (`gname`, `glv`, `id`, `ginfo`, `gsex`, `ghp`, `ggj`, `gfy`, `gbj`, `gxx`, `gzb`, `dljv`, `gdj`, `djjv`, `gyp`, `ypjv`) VALUES
('硬翅蜂', '1', 55, '硬翅蜂', '男', 40, 5, 3, 0, 0, '23', 10, '8', 30, '6', 8),
('山猪', '1', 56, '山上的诸', '男', 40, 4, 4, 0, 0, '24', 10, '1', 2, '', 0),
('老虎', '2', 57, '凶猛的老虎', '公', 70, 8, 6, 0, 0, '25', 10, '1', 3, '', 0),
('花妖', '3', 58, '花妖,小妖', '女', 110, 15, 7, 0, 0, '26', 10, '1', 4, '', 0),
('狂暴野狼', '6', 62, '狂暴野狼', '男', 190, 23, 19, 0, 0, '28', 20, '1', 5, '', 0),
('嗜血野狼', '5', 61, '嗜血野狼', '男', 160, 22, 16, 0, 0, '28', 20, '1', 5, '', 0),
('龙雀', '7', 63, '龙雀', '女', 220, 27, 22, 0, 0, '27', 20, '1,6', 8, '', 0),
('百岁龙雀', '8', 64, '百岁龙雀', '男', 250, 32, 25, 0, 0, '29', 20, '1,6', 7, '', 0),
('荷花花魅', '9', 65, '荷花花魅', '女', 280, 35, 28, 0, 0, '30', 21, '6', 17, '', 0),
('血雷鹰', '12', 66, '血雷鹰', '男', 370, 46, 37, 0, 0, '32', 21, '1', 6, '', 0),
('雷鹰', '10', 67, '雷鹰', '男', 310, 38, 31, 0, 0, '31', 21, '1', 5, '', 0),
('魔修士', '13', 69, '魔修士', '男', 400, 49, 40, 0, 0, '', 22, '1', 6, '', 0),
('魔化之通臂猿', '16', 70, '魔化之通臂猿', '男', 490, 61, 50, 0, 0, '36', 22, '', 5, '6', 5),
('魔化之灵猴', '17', 71, '魔化之灵猴', '男', 520, 65, 53, 0, 0, '', 5, '1', 5, '', 5),
('魔化之剑魔', '18', 72, '魔化之剑魔', '男', 550, 68, 56, 0, 0, '', 5, '7', 20, '', 5),
('魔化之幼齿猫女', '19', 73, '魔化之幼齿猫女', '女', 580, 72, 59, 0, 0, '37', 5, '1,7', 5, '7', 5),
('魔化之鸦人', '20', 74, '魔化之鸦人', '男', 610, 76, 62, 0, 0, '', 5, '7', 5, '', 5),
('魔化山魈', '21', 75, '魔化山魈', '男', 640, 80, 65, 0, 0, '33', 20, '1,7', 20, '7', 20),
('入魔蛮族战士', '21', 76, '入魔的蛮族战士', '男', 640, 80, 65, 0, 0, '34,35', 7, '1', 7, '7', 7),
('入魔蛮族祭祀', '22', 77, '入魔的蛮族祭祀', '女', 670, 84, 68, 0, 0, '35', 7, '1', 7, '7', 7),
('魔化蛮狼', '23', 78, '魔化的蛮狼', '男', 700, 87, 71, 0, 0, '', 7, '1', 6, '', 7),
('魔化狂狮', '24', 79, '魔化狂狮', '男', 730, 91, 74, 0, 0, '', 7, '1', 6, '', 7),
('魔道控兽师', '26', 80, '', '男', 790, 99, 81, 0, 0, '', 7, '1', 6, '', 7),
('百年蛇怪', '27', 81, '修炼百年的蛇怪', '男', 820, 103, 84, 0, 0, '', 7, '1', 8, '', 7),
('赤鳞兽', '28', 82, '赤鳞兽', '男', 850, 106, 87, 0, 0, '', 7, '1,10', 7, '', 7),
('棘鼠', '29', 83, '棘鼠', '男', 880, 110, 90, 0, 0, '38', 7, '9', 20, '', 7),
('怨灵', '30', 84, '怨灵', '女', 1510, 204, 183, 0, 0, '39', 8, '1', 9, '', 8),
('岩魔', '31', 85, '岩魔', '男', 1560, 211, 189, 0, 0, '40', 8, '1', 8, '', 8),
('嗜灵鼠妖', '32', 86, '嗜灵鼠妖', '男', 1610, 218, 195, 0, 0, '41', 8, '1', 9, '', 8),
('赤炼蝮蛇妖', '33', 87, '赤炼蝮蛇妖', '女', 1660, 224, 201, 0, 0, '42', 9, '1', 9, '8', 9),
('百年穿山甲', '34', 88, '百年穿山甲\r\n皮厚气血强盛', '男', 2000, 150, 330, 0, 0, '44', 9, '1', 9, '8', 9),
('青古虎', '35', 89, '青古虎', '男', 1760, 238, 214, 0, 0, '', 5, '1', 5, '', 5),
('烈珠鹰', '37', 90, '烈珠鹰', '男', 1860, 252, 226, 0, 0, '', 5, '1', 5, '9', 5),
('白豹妖', '38', 91, '白豹妖', '男', 1910, 258, 232, 0, 0, '43', 5, '1', 5, '', 5),
('雷萝妖', '39', 92, '雷萝妖', '女', 1960, 265, 238, 0, 0, '', 5, '1', 5, '', 5),
('血鸦', '40', 93, '血鸦', '男', 2010, 272, 244, 0, 0, '', 5, '1', 10, '', 5),
('血鸦王', '55', 94, '血鸦王', '男', 5860, 594, 558, 0, 0, '', 8, '12', 1, '', 8),
('黑艳妖王', '56', 95, '黑艳妖王', '女', 4530, 653, 454, 0, 0, '', 5, '12', 1, '', 5),
('劫杀者', '45', 96, '劫杀者', '男', 2260, 306, 275, 0, 0, '46', 5, '1', 5, '', 5),
('精锐叛兵', '47', 97, '精锐叛兵', '男', 2360, 320, 287, 0, 0, '47', 5, '', 5, '', 5),
('叛兵队长', '50', 98, '叛兵队长', '男', 3510, 440, 405, 0, 0, '48', 5, '', 5, '', 5);

-- --------------------------------------------------------

--
-- 表的结构 `im`
--

CREATE TABLE IF NOT EXISTS `im` (
  `imuid` int(11) NOT NULL,
  `sid` int(11) NOT NULL,
  `uid` int(11) NOT NULL
) ENGINE=MyISAM DEFAULT CHARSET=utf8;

--
-- 转存表中的数据 `im`
--

INSERT INTO `im` (`imuid`, `sid`, `uid`) VALUES
(423, 3, 422),
(424, 3, 422),
(426, 0, 424),
(422, 0, 424),
(431, 0, 424);

-- --------------------------------------------------------

--
-- 表的结构 `imliaotian`
--

CREATE TABLE IF NOT EXISTS `imliaotian` (
  `id` int(11) NOT NULL,
  `name` varchar(255) COLLATE utf8mb4_unicode_ci NOT NULL,
  `msg` varchar(255) COLLATE utf8mb4_unicode_ci NOT NULL,
  `uid` int(11) NOT NULL,
  `imuid` int(11) NOT NULL
) ENGINE=MyISAM AUTO_INCREMENT=5 DEFAULT CHARSET=utf8mb4 COLLATE=utf8mb4_unicode_ci;

--
-- 转存表中的数据 `imliaotian`
--

INSERT INTO `imliaotian` (`id`, `name`, `msg`, `uid`, `imuid`) VALUES
(2, '道长', '有人吗', 422, 423),
(3, '道长', '有人吗', 422, 423),
(4, '道长', '', 422, 423);

-- --------------------------------------------------------

--
-- 表的结构 `jineng`
--

CREATE TABLE IF NOT EXISTS `jineng` (
  `jnname` varchar(255) NOT NULL,
  `jnid` int(10) unsigned NOT NULL,
  `jngj` int(11) NOT NULL,
  `jnfy` int(11) NOT NULL,
  `jnbj` int(11) NOT NULL,
  `jnxx` int(11) NOT NULL,
  `jndj` int(11) NOT NULL,
  `djcount` int(11) NOT NULL,
  `xiaohao` int(11) NOT NULL
) ENGINE=MyISAM AUTO_INCREMENT=9 DEFAULT CHARSET=utf8;

--
-- 转存表中的数据 `jineng`
--

INSERT INTO `jineng` (`jnname`, `jnid`, `jngj`, `jnfy`, `jnbj`, `jnxx`, `jndj`, `djcount`, `xiaohao`) VALUES
('聚灵斩', 4, 10, 0, 0, 2, 6, 5, 0),
('魔心爆发', 5, 5, 0, 10, 10, 7, 8, 0),
('蛮力附体', 6, 7, 7, 7, 7, 9, 8, 0),
('怒血爆', 7, 12, 2, 20, 8, 10, 10, 0),
('初级嗜血术', 8, 1, 0, 0, 20, 11, 15, 0);

-- --------------------------------------------------------

--
-- 表的结构 `mid`
--

CREATE TABLE IF NOT EXISTS `mid` (
  `mname` text NOT NULL,
  `mid` int(11) unsigned NOT NULL,
  `mgid` text NOT NULL,
  `mnpc` text NOT NULL,
  `mgtime` datetime NOT NULL,
  `ms` int(11) NOT NULL,
  `midinfo` text NOT NULL,
  `midboss` int(11) NOT NULL,
  `mup` int(11) NOT NULL,
  `mdown` int(11) NOT NULL,
  `mleft` int(11) NOT NULL,
  `mright` int(11) NOT NULL,
  `mqy` int(11) NOT NULL,
  `playerinfo` varchar(255) NOT NULL,
  `ispvp` int(255) NOT NULL
) ENGINE=InnoDB AUTO_INCREMENT=274 DEFAULT CHARSET=gb2312;

--
-- 转存表中的数据 `mid`
--

INSERT INTO `mid` (`mname`, `mid`, `mgid`, `mnpc`, `mgtime`, `ms`, `midinfo`, `midboss`, `mup`, `mdown`, `mleft`, `mright`, `mqy`, `playerinfo`, `ispvp`) VALUES
('村广场', 225, '', '11,17', '0000-00-00 00:00:00', 0, '村里的广场，闲时貌似很多人都回在这里', 0, 0, 0, 0, 226, 14, '大梦想家向村东 走去', 0),
('村东', 226, '', '18', '0000-00-00 00:00:00', 0, '村东处', 0, 0, 0, 225, 228, 14, '道长向村广场 走去', 0),
('村口[战斗]', 228, '55|3,56|2', '', '2020-01-03 00:32:51', 0, '村口，经常有怪物来袭', 0, 0, 0, 226, 229, 14, '大梦想家向小树林 走去', 1),
('小树林', 229, '56|2,57|5', '', '2020-01-03 08:56:08', 0, '', 0, 0, 0, 228, 230, 14, '道长向树林深处 走去', 0),
('树林深处', 230, '58|4', '', '2020-01-03 08:56:13', 0, '', 0, 0, 0, 229, 231, 14, '道长向炎阳城中心 走去', 0),
('山林外围', 231, '62|3,61|2', '', '2020-01-03 08:25:57', 0, '山林外围', 0, 0, 0, 230, 232, 14, '太长向山中湖泊 走去', 0),
('山中湖泊', 232, '63|2,64|5', '', '2020-01-03 08:24:27', 0, '山中湖泊', 0, 0, 0, 231, 233, 14, '黑猫丶向山林外围 走去', 0),
('湖中小岛', 233, '65|6', '', '2020-01-02 19:48:28', 0, '湖中小岛', 0, 0, 0, 232, 235, 14, '黑猫丶向山中湖泊 走去', 0),
('山脉东出口', 235, '66|3,67|4', '', '2020-01-02 20:12:55', 0, '', 0, 0, 0, 233, 236, 14, '黑猫丶向湖中小岛 走去', 0),
('城西郊', 236, '69|5', '', '2020-01-02 20:18:56', 0, '', 0, 0, 0, 235, 237, 16, '黑猫丶向山脉东出口 走去', 0),
('聚仙城西', 237, '', '13,14', '0000-00-00 00:00:00', 0, '', 0, 0, 0, 236, 238, 16, '黑猫丶向城西郊 走去', 0),
('聚仙西街', 238, '', '15', '0000-00-00 00:00:00', 0, '', 0, 0, 0, 237, 239, 16, '黑猫丶向聚仙城西 走去', 0),
('聚仙城中心', 239, '', '16,17', '0000-00-00 00:00:00', 0, '', 0, 0, 273, 238, 240, 16, '黑猫丶向聚仙西街 走去', 0),
('聚仙东街', 240, '', '23', '0000-00-00 00:00:00', 0, '', 0, 0, 0, 239, 241, 16, '黑猫丶向聚仙城中心 走去', 0),
('聚仙城东', 241, '', '', '0000-00-00 00:00:00', 0, '', 0, 0, 0, 240, 242, 16, '黑猫丶向聚仙东街 走去', 0),
('城东郊', 242, '70|3,71|2', '', '2020-01-02 20:28:14', 0, '', 0, 0, 0, 241, 243, 16, '黑猫丶向聚仙城东 走去', 0),
('魔化洞窟', 243, '72|6', '', '2020-01-02 20:23:03', 0, '', 0, 246, 0, 242, 244, 16, '冥羽向洞窟深处 走去', 0),
('洞窟出口', 244, '74|5', '', '2016-08-21 19:01:07', 0, '', 0, 0, 0, 243, 245, 17, '太长向魔化平原 走去', 0),
('魔化平原', 245, '73|4', '', '2020-01-02 21:08:42', 0, '', 0, 0, 0, 244, 247, 17, '太长向部落西郊 走去', 0),
('洞窟深处', 246, '75|1', '', '2020-01-03 19:48:39', 200, '', 0, 0, 243, 0, 0, 17, '冥羽向魔化洞窟 走去', 0),
('部落西郊', 247, '76|4,77|2', '', '2020-01-02 21:06:03', 0, '', 0, 0, 0, 245, 248, 17, '太长向部落西 走去', 0),
('部落西', 248, '', '20', '0000-00-00 00:00:00', 0, '', 0, 0, 0, 247, 249, 17, '太长向部落中心 走去', 0),
('部落中心', 249, '', '15,17,21', '0000-00-00 00:00:00', 0, '', 0, 0, 0, 248, 250, 17, '太长向部落东 走去', 0),
('部落东', 250, '', '19,22', '0000-00-00 00:00:00', 0, '', 0, 0, 0, 249, 251, 17, '太长向部落东郊 走去', 0),
('部落东郊', 251, '78|6', '', '2016-08-23 15:32:59', 0, '', 0, 0, 0, 250, 252, 17, '太长向蛮河岸边 走去', 0),
('蛮河岸边', 252, '78|2,79|4', '', '2016-08-21 13:16:30', 0, '', 0, 0, 0, 251, 253, 17, '太长向渡河港口 走去', 0),
('渡河港口', 253, '80|5', '', '2016-08-20 13:51:25', 0, '', 0, 0, 0, 252, 254, 17, '太长向蛮河对岸 走去', 0),
('蛮河对岸', 254, '81|6', '', '2016-08-20 13:53:02', 0, '', 0, 0, 0, 253, 255, 17, '太长向未知山岭1 走去', 0),
('未知山岭1', 255, '82|7', '', '2016-08-22 06:55:18', 0, '', 0, 0, 0, 254, 256, 18, '太长向未知山岭2 走去', 0),
('未知山岭2', 256, '83|5', '', '2016-08-22 06:55:32', 30, '', 0, 257, 0, 255, 258, 18, '太长向炎阳城中心 走去', 0),
('无人山洞', 257, '84|1', '', '2017-01-04 17:14:02', 200, '', 0, 0, 256, 0, 0, 18, '没有角色向未知山岭2 走去', 0),
('未知山岭3', 258, '85|6', '', '2016-08-21 17:26:27', 200, '', 0, 0, 0, 256, 259, 18, '冥羽向风铃古镇西 走去', 0),
('风铃古镇西', 259, '', '15', '0000-00-00 00:00:00', 0, '', 0, 0, 0, 258, 260, 18, '冥羽向风铃古镇 走去', 0),
('风铃古镇', 260, '', '24', '0000-00-00 00:00:00', 0, '', 0, 0, 0, 259, 261, 18, '冥羽向风铃古镇东 走去', 0),
('风铃古镇东', 261, '', '19', '0000-00-00 00:00:00', 0, '', 0, 0, 0, 260, 262, 18, '冥羽向妖兽丛林外部1 走去', 0),
('妖兽丛林外部1', 262, '86|3', '', '2016-08-23 14:30:22', 200, '', 0, 0, 0, 261, 263, 18, '太长向风铃古镇东 走去', 0),
('妖兽丛林外部2', 263, '87|7', '', '2016-08-21 09:46:46', 0, '', 0, 0, 0, 262, 264, 18, '太长向妖兽丛林外部1 走去', 0),
('丛林深处妖兽山', 264, '88|5', '', '2016-08-23 11:54:01', 100, '', 0, 0, 0, 263, 265, 18, '太长向妖兽丛林外部2 走去', 0),
('万妖山底部', 265, '89|4,90|4', '', '2016-08-18 11:28:51', 0, '', 0, 0, 0, 264, 266, 18, '太长向丛林深处妖兽山 走去', 0),
('万妖山腰', 266, '91|3,92|5', '', '2016-08-19 10:05:38', 0, '', 0, 268, 267, 265, 269, 18, '太长向万妖山底部 走去', 0),
('妖王殿外围', 267, '94|3,95|3', '24', '2016-08-22 11:58:20', 0, '', 0, 266, 0, 0, 0, 20, '冥羽向万妖山腰 走去', 0),
('万妖山顶', 268, '93|7', '', '2016-08-23 15:34:56', 0, '', 0, 0, 266, 0, 0, 18, '道长向万妖山腰 走去', 0),
('炎阳郊外', 269, '96|4,97|4', '', '2016-08-22 07:01:01', 0, '', 0, 0, 0, 266, 270, 21, '太长向万妖山腰 走去', 0),
('炎阳西郊', 270, '98|7', '', '2016-08-23 15:33:16', 0, '', 0, 0, 0, 269, 271, 21, '太长向炎阳郊外 走去', 0),
('炎阳西街', 271, '', '', '0000-00-00 00:00:00', 0, '', 0, 0, 0, 270, 272, 21, '太长向炎阳西郊 走去', 0),
('炎阳城中心', 272, '', '24,25', '0000-00-00 00:00:00', 0, '', 0, 0, 0, 271, 0, 21, '道长向村广场 走去', 0),
('门派管理处', 273, '', '26', '0000-00-00 00:00:00', 0, '', 0, 239, 0, 0, 0, 16, '太长向聚仙城中心 走去', 0);

-- --------------------------------------------------------

--
-- 表的结构 `midguaiwu`
--

CREATE TABLE IF NOT EXISTS `midguaiwu` (
  `id` int(10) unsigned NOT NULL,
  `gname` text NOT NULL,
  `ghp` text NOT NULL,
  `ggj` text NOT NULL,
  `gfy` text NOT NULL,
  `glv` text NOT NULL,
  `mid` int(11) NOT NULL,
  `gyid` int(11) NOT NULL,
  `gexp` text NOT NULL,
  `sid` text NOT NULL,
  `gmaxhp` varchar(255) NOT NULL,
  `gbj` int(11) NOT NULL,
  `gxx` int(11) NOT NULL
) ENGINE=MyISAM AUTO_INCREMENT=2315092 DEFAULT CHARSET=utf8;

--
-- 转存表中的数据 `midguaiwu`
--

INSERT INTO `midguaiwu` (`id`, `gname`, `ghp`, `ggj`, `gfy`, `glv`, `mid`, `gyid`, `gexp`, `sid`, `gmaxhp`, `gbj`, `gxx`) VALUES
(2305732, '棘鼠', '880', '110', '90', '29', 256, 83, '218', '', '880', 0, 0),
(2280014, '雷萝妖', '1474', '265', '238', '39', 266, 92, '254', '099f465c0c34dd5ef59f230a21447af4', '1960', 0, 0),
(2315087, '花妖', '110', '15', '7', '3', 230, 58, '23', '', '110', 0, 0),
(2315086, '老虎', '70', '8', '6', '2', 229, 57, '15', '', '70', 0, 0),
(2313688, '魔化蛮狼', '700', '87', '71', '23', 251, 78, '150', '', '700', 0, 0),
(2313690, '魔化蛮狼', '700', '87', '71', '23', 251, 78, '150', '', '700', 0, 0),
(2313692, '叛兵队长', '3510', '440', '405', '50', 270, 98, '375', '', '3510', 0, 0),
(2305736, '棘鼠', '880', '110', '90', '29', 256, 83, '218', '', '880', 0, 0),
(2305729, '赤鳞兽', '850', '106', '87', '28', 255, 82, '238', '', '850', 0, 0),
(2253163, '山猪', '40', '4', '4', '1', 228, 56, '8', '0e698c7ec2d718b658fa287c45929571', '40', 0, 0),
(2305764, '精锐叛兵', '2360', '320', '287', '47', 269, 97, '400', '', '2360', 0, 0),
(2313696, '叛兵队长', '3510', '440', '405', '50', 270, 98, '375', '', '3510', 0, 0),
(2314933, '入魔蛮族战士', '640', '80', '65', '21', 247, 76, '137', '', '640', 0, 0),
(2305761, '劫杀者', '2260', '306', '275', '45', 269, 96, '293', '', '2260', 0, 0),
(2297445, '赤炼蝮蛇妖', '1660', '224', '201', '33', 263, 87, '281', '', '1660', 0, 0),
(2297446, '赤炼蝮蛇妖', '1660', '224', '201', '33', 263, 87, '281', '', '1660', 0, 0),
(2302424, '魔化之鸦人', '610', '76', '62', '20', 244, 74, '170', '', '610', 0, 0),
(2314939, '魔化之幼齿猫女', '580', '72', '59', '19', 245, 73, '162', '', '580', 0, 0),
(2305762, '劫杀者', '2260', '306', '275', '45', 269, 96, '293', '', '2260', 0, 0),
(2315075, '狂暴野狼', '190', '23', '19', '6', 231, 62, '51', '', '190', 0, 0),
(2305728, '赤鳞兽', '850', '106', '87', '28', 255, 82, '238', '', '850', 0, 0),
(2299847, '魔化蛮狼', '700', '87', '71', '23', 252, 78, '173', '', '700', 0, 0),
(2299850, '魔化狂狮', '730', '91', '74', '24', 252, 79, '180', '', '730', 0, 0),
(2299851, '魔化狂狮', '730', '91', '74', '24', 252, 79, '180', '', '730', 0, 0),
(2315082, '老虎', '70', '8', '6', '2', 229, 57, '15', '', '70', 0, 0),
(2313686, '魔化蛮狼', '700', '87', '71', '23', 251, 78, '150', '', '700', 0, 0),
(2313687, '魔化蛮狼', '700', '87', '71', '23', 251, 78, '150', '', '700', 0, 0),
(2305763, '精锐叛兵', '2360', '320', '287', '47', 269, 97, '400', '', '2360', 0, 0),
(2313645, '百年穿山甲', '2000', '150', '330', '34', 264, 88, '255', '', '2000', 0, 0),
(2314800, '魔化之通臂猿', '490', '61', '50', '16', 242, 70, '120', '', '490', 0, 0),
(2302033, '岩魔', '1560', '211', '189', '31', 258, 85, '202', '', '1560', 0, 0),
(2305759, '劫杀者', '2260', '306', '275', '45', 269, 96, '293', '', '2260', 0, 0),
(2305760, '劫杀者', '2260', '306', '275', '45', 269, 96, '293', '', '2260', 0, 0),
(2315084, '老虎', '70', '8', '6', '2', 229, 57, '15', '', '70', 0, 0),
(2302037, '岩魔', '1560', '211', '189', '31', 258, 85, '202', '', '1560', 0, 0),
(2290134, '百年蛇怪', '820', '103', '84', '27', 254, 81, '176', '', '820', 0, 0),
(2314941, '魔化之幼齿猫女', '580', '72', '59', '19', 245, 73, '162', '', '580', 0, 0),
(2313693, '叛兵队长', '3510', '440', '405', '50', 270, 98, '375', '', '3510', 0, 0),
(2305765, '精锐叛兵', '2360', '320', '287', '47', 269, 97, '400', '', '2360', 0, 0),
(2269220, '青古虎', '1760', '238', '214', '35', 265, 89, '263', '', '1760', 0, 0),
(2290131, '百年蛇怪', '820', '103', '84', '27', 254, 81, '176', '', '820', 0, 0),
(2314938, '魔化之幼齿猫女', '580', '72', '59', '19', 245, 73, '162', '', '580', 0, 0),
(2314794, '魔化之剑魔', '550', '68', '56', '18', 243, 72, '117', '', '550', 0, 0),
(2314793, '魔化之剑魔', '550', '68', '56', '18', 243, 72, '117', '', '550', 0, 0),
(2305734, '棘鼠', '880', '110', '90', '29', 256, 83, '218', '', '880', 0, 0),
(2315078, '嗜血野狼', '160', '22', '16', '5', 231, 61, '33', '', '160', 0, 0),
(2302474, '魔化之通臂猿', '490', '61', '50', '16', 242, 70, '136', '781a121e409741ff53f5978578067146', '490', 0, 0),
(2249197, '魔化蛮狼', '700', '87', '71', '23', 251, 78, '173', 'e0e644a3727f0f1671e917f7b376c66f', '700', 0, 0),
(2313514, '狂暴野狼', '144', '23', '19', '6', 231, 62, '45', 'bb2a45b7652a7900e7810128a329597e', '190', 0, 0),
(2280013, '雷萝妖', '1960', '265', '238', '39', 266, 92, '254', '', '1960', 0, 0),
(2302427, '魔化之鸦人', '610', '76', '62', '20', 244, 74, '170', '', '610', 0, 0),
(2313695, '叛兵队长', '3510', '440', '405', '50', 270, 98, '375', '', '3510', 0, 0),
(2313641, '百年穿山甲', '2000', '150', '330', '34', 264, 88, '255', '', '2000', 0, 0),
(2314758, '雷鹰', '310', '38', '31', '10', 235, 67, '85', '', '310', 0, 0),
(2290121, '魔道控兽师', '790', '99', '81', '26', 253, 80, '169', '', '790', 0, 0),
(2280015, '雷萝妖', '1960', '265', '238', '39', 266, 92, '254', '', '1960', 0, 0),
(2313678, '嗜灵鼠妖', '1610', '218', '195', '32', 262, 86, '208', '', '1610', 0, 0),
(2305733, '棘鼠', '880', '110', '90', '29', 256, 83, '218', '', '880', 0, 0),
(2315090, '花妖', '110', '15', '7', '3', 230, 58, '23', '', '110', 0, 0),
(2297451, '赤炼蝮蛇妖', '1660', '224', '201', '33', 263, 87, '281', '', '1660', 0, 0),
(2313642, '百年穿山甲', '2000', '150', '330', '34', 264, 88, '255', '', '2000', 0, 0),
(2315079, '嗜血野狼', '160', '22', '16', '5', 231, 61, '33', '', '160', 0, 0),
(2313679, '嗜灵鼠妖', '1610', '218', '195', '32', 262, 86, '208', '', '1610', 0, 0),
(2305727, '赤鳞兽', '850', '106', '87', '28', 255, 82, '238', '', '850', 0, 0),
(2302426, '魔化之鸦人', '610', '76', '62', '20', 244, 74, '170', '', '610', 0, 0),
(2302036, '岩魔', '1560', '211', '189', '31', 258, 85, '202', '', '1560', 0, 0),
(2308269, '黑艳妖王', '4530', '653', '454', '56', 267, 95, '420', '', '4530', 0, 0),
(2314802, '魔化之灵猴', '520', '65', '53', '17', 242, 71, '111', '', '520', 0, 0),
(2314785, '魔修士', '400', '49', '40', '13', 236, 69, '111', '', '400', 0, 0),
(2315088, '花妖', '110', '15', '7', '3', 230, 58, '23', '', '110', 0, 0),
(2315085, '老虎', '70', '8', '6', '2', 229, 57, '15', '', '70', 0, 0),
(2314940, '魔化之幼齿猫女', '580', '72', '59', '19', 245, 73, '162', '', '580', 0, 0),
(2315089, '花妖', '110', '15', '7', '3', 230, 58, '23', '', '110', 0, 0),
(2313710, '血鸦', '2010', '272', '244', '40', 268, 93, '260', '', '2010', 0, 0),
(2313709, '血鸦', '2010', '272', '244', '40', 268, 93, '260', '', '2010', 0, 0),
(2313691, '叛兵队长', '3510', '440', '405', '50', 270, 98, '375', '', '3510', 0, 0),
(2314784, '魔修士', '400', '49', '40', '13', 236, 69, '111', '', '400', 0, 0),
(2314719, '荷花花魅', '280', '35', '28', '9', 233, 65, '68', '', '280', 0, 0),
(2314720, '荷花花魅', '280', '35', '28', '9', 233, 65, '68', '', '280', 0, 0),
(2314721, '荷花花魅', '280', '35', '28', '9', 233, 65, '68', '', '280', 0, 0),
(2314760, '雷鹰', '310', '38', '31', '10', 235, 67, '85', '', '310', 0, 0),
(2315083, '老虎', '70', '8', '6', '2', 229, 57, '15', '', '70', 0, 0),
(2314231, '怨灵', '1510', '204', '183', '30', 257, 84, '225', '', '1510', 0, 0),
(2314782, '魔修士', '400', '49', '40', '13', 236, 69, '111', '', '400', 0, 0),
(2315009, '硬翅蜂', '40', '5', '3', '1', 228, 55, '8', '', '40', 0, 0),
(2314759, '雷鹰', '310', '38', '31', '10', 235, 67, '85', '', '310', 0, 0),
(2315066, '百岁龙雀', '250', '32', '25', '8', 232, 64, '60', '', '250', 0, 0),
(2315067, '百岁龙雀', '250', '32', '25', '8', 232, 64, '60', '', '250', 0, 0),
(2315068, '百岁龙雀', '250', '32', '25', '8', 232, 64, '60', '', '250', 0, 0),
(2315077, '狂暴野狼', '190', '23', '19', '6', 231, 62, '51', '', '190', 0, 0),
(2315076, '狂暴野狼', '190', '23', '19', '6', 231, 62, '51', '', '190', 0, 0),
(2315069, '百岁龙雀', '250', '32', '25', '8', 232, 64, '60', '', '250', 0, 0),
(2314722, '荷花花魅', '280', '35', '28', '9', 233, 65, '68', '', '280', 0, 0),
(2314723, '荷花花魅', '280', '35', '28', '9', 233, 65, '68', '', '280', 0, 0),
(2314801, '魔化之灵猴', '520', '65', '53', '17', 242, 71, '111', '', '520', 0, 0),
(2315081, '山猪', '40', '4', '4', '1', 229, 56, '9', '', '40', 0, 0),
(2314792, '魔化之剑魔', '550', '68', '56', '18', 243, 72, '117', '', '550', 0, 0),
(2315063, '龙雀', '220', '27', '22', '7', 232, 63, '53', '', '220', 0, 0),
(2315064, '龙雀', '220', '27', '22', '7', 232, 63, '53', '', '220', 0, 0),
(2315065, '百岁龙雀', '250', '32', '25', '8', 232, 64, '60', '', '250', 0, 0),
(2314755, '血雷鹰', '370', '46', '37', '12', 235, 66, '90', '', '370', 0, 0),
(2314756, '血雷鹰', '370', '46', '37', '12', 235, 66, '90', '', '370', 0, 0),
(2314757, '血雷鹰', '370', '46', '37', '12', 235, 66, '90', '', '370', 0, 0);

-- --------------------------------------------------------

--
-- 表的结构 `npc`
--

CREATE TABLE IF NOT EXISTS `npc` (
  `id` int(11) unsigned NOT NULL,
  `nname` text CHARACTER SET utf8 NOT NULL,
  `nsex` varchar(255) NOT NULL,
  `ninfo` text CHARACTER SET utf8 NOT NULL,
  `muban` text NOT NULL,
  `taskid` text NOT NULL
) ENGINE=MyISAM AUTO_INCREMENT=27 DEFAULT CHARSET=gb2312;

--
-- 转存表中的数据 `npc`
--

INSERT INTO `npc` (`id`, `nname`, `nsex`, `ninfo`, `muban`, `taskid`) VALUES
(11, '村长', '男', '村长', '', '13,25,24,28'),
(13, '王老五', '男', '唉……一个人的日子，真的好难。', '', '24'),
(14, '赫炳', '男', '唉，整天站在这里真是无聊。', '', '28'),
(15, '周富贵[商人]', '男', '来来来   便宜', '商店.php', ''),
(16, '聚仙城主[符箓]', '男', '聚仙城城主', '技能兑换.php', ''),
(18, '王大妈', '女', '王大妈', '', '24,29'),
(17, '云游仙医[治疗]', '男', '云游的仙医，似乎在哪都能看见他', '治疗.php', ''),
(19, '符箓大师', '男', '技能大师，负责兑换技能', '技能兑换.php', ''),
(20, '小蛮', '女', '小蛮好怕...', '', '20'),
(21, '蛮族长老', '男', '蛮族长老', '', '19'),
(22, '蛮族猎手', '男', '老了,干不动了', '', '21'),
(23, '兑换大使', '男', '兑换大使', '', '27'),
(24, '正规仙医', '男', '正规仙医\r\n比云游的更在行', '治疗_级别1.php', ''),
(25, '城主雪琴', '女', '城炎阳城的城主,雪琴', '', ''),
(26, '门派管理员', '男', '门派管理', '门派管理员.php', '');

-- --------------------------------------------------------

--
-- 表的结构 `playerchongwu`
--

CREATE TABLE IF NOT EXISTS `playerchongwu` (
  `cwid` int(11) NOT NULL,
  `cwname` varchar(255) NOT NULL,
  `cwhp` int(11) NOT NULL,
  `cwmaxhp` int(11) NOT NULL,
  `cwgj` int(11) NOT NULL,
  `cwfy` int(11) NOT NULL,
  `cwbj` int(11) NOT NULL,
  `cwxx` int(11) NOT NULL,
  `cwlv` int(11) NOT NULL,
  `cwexp` int(11) NOT NULL,
  `tool1` int(11) NOT NULL,
  `tool2` int(11) NOT NULL,
  `tool3` int(11) NOT NULL,
  `tool4` int(11) NOT NULL,
  `tool5` int(11) NOT NULL,
  `tool6` int(11) NOT NULL,
  `sid` varchar(255) NOT NULL,
  `uphp` int(11) NOT NULL,
  `upgj` int(11) NOT NULL,
  `upfy` int(11) NOT NULL,
  `cwpz` int(11) NOT NULL
) ENGINE=MyISAM AUTO_INCREMENT=3593 DEFAULT CHARSET=utf8mb4;

--
-- 转存表中的数据 `playerchongwu`
--

INSERT INTO `playerchongwu` (`cwid`, `cwname`, `cwhp`, `cwmaxhp`, `cwgj`, `cwfy`, `cwbj`, `cwxx`, `cwlv`, `cwexp`, `tool1`, `tool2`, `tool3`, `tool4`, `tool5`, `tool6`, `sid`, `uphp`, `upgj`, `upfy`, `cwpz`) VALUES
(3562, '伶俐鼠', 100, 100, 6, 4, 0, 0, 1, 0, 0, 0, 0, 0, 0, 0, 'c8268cce88c9be2636fd0c06e03bee40', 23, 5, 4, 0),
(3548, '帅帅猴', 100, 100, 6, 4, 0, 0, 1, 0, 0, 0, 0, 0, 0, 0, '592857bc812f813ed52fa8b187582fc2', 20, 5, 7, 2),
(2861, '招财猪', 100, 100, 6, 4, 0, 0, 1, 0, 0, 0, 0, 0, 0, 0, 'af1d74362b935eb0ac845b7e4f7f707f', 8, 4, 4, 2),
(3547, '酷酷龙', 276, 276, 50, 48, 0, 0, 12, 5055, 0, 0, 0, 0, 0, 0, '592857bc812f813ed52fa8b187582fc2', 12, 3, 3, 3),
(3546, '蛋蛋鸡', 50, 110, 9, 10, 0, 0, 2, 104, 0, 0, 0, 0, 0, 0, '8bf2c38ba9d08fd609a3d40b35ea659c', 9, 3, 5, 1),
(3545, '帅帅猴', 100, 100, 6, 4, 0, 0, 1, 0, 0, 0, 0, 0, 0, 0, '8bf2c38ba9d08fd609a3d40b35ea659c', 23, 3, 6, 0),
(3544, '蛋蛋鸡', 100, 100, 6, 4, 0, 0, 1, 0, 0, 0, 0, 0, 0, 0, '5f2f53403bda85d4fee078d944dd6d7e', 16, 3, 7, 0),
(3570, '酷酷龙', 78, 122, 14, 10, 0, 0, 3, 197, 0, 0, 0, 0, 0, 0, '4e079b4084dcdd84cf4393a003a38283', 11, 4, 3, 0),
(3543, '酷酷龙', -4, 100, 6, 4, 0, 0, 1, 120, 0, 0, 0, 0, 0, 0, '5f2f53403bda85d4fee078d944dd6d7e', 24, 3, 8, 3),
(2868, '跳跳兔', 100, 100, 6, 4, 0, 0, 1, 0, 0, 0, 0, 0, 0, 0, 'af1d74362b935eb0ac845b7e4f7f707f', 6, 3, 8, 0),
(3541, '溜溜马', 560, 560, 98, 165, 0, 0, 24, 1391, 0, 0, 0, 0, 0, 0, '775c0ff651b405a676fc9ee1729302f4', 18, 4, 6, 1),
(3536, '酷酷龙', 227, 290, 26, 84, 0, 0, 11, 3511, 0, 0, 0, 0, 0, 0, 'c4339dfb63d53dbe95ff3f1297cd889d', 16, 2, 7, 2),
(2873, '伶俐鼠', 100, 100, 6, 4, 0, 0, 1, 0, 0, 0, 0, 0, 0, 0, 'af1d74362b935eb0ac845b7e4f7f707f', 7, 6, 8, 3),
(3535, '溜溜马', 100, 100, 6, 4, 0, 0, 1, 0, 0, 0, 0, 0, 0, 0, 'a825614fde737c782675ea17eb88b206', 14, 5, 6, 2),
(3534, '酷酷龙', 100, 100, 6, 4, 0, 0, 1, 0, 0, 0, 0, 0, 0, 0, 'a825614fde737c782675ea17eb88b206', 9, 5, 5, 3),
(3533, '乖乖狗', 100, 100, 6, 4, 0, 0, 1, 0, 0, 0, 0, 0, 0, 0, '68165aaec3d39dae1839882ac72de2b2', 12, 3, 7, 1),
(3532, '帅帅猴', 100, 100, 6, 4, 0, 0, 1, 0, 0, 0, 0, 0, 0, 0, 'cb3012bb47999fed316151ffd12a0da6', 13, 3, 5, 2),
(3531, '伶俐鼠', 100, 100, 6, 4, 0, 0, 1, 0, 0, 0, 0, 0, 0, 0, 'cb3012bb47999fed316151ffd12a0da6', 8, 3, 4, 2),
(3530, '招财猪', 100, 100, 6, 4, 0, 0, 1, 0, 0, 0, 0, 0, 0, 0, 'b93636fdca6a8e1edef742d667e18c8a', 9, 2, 8, 4),
(3529, '蛋蛋鸡', 100, 100, 6, 4, 0, 0, 1, 0, 0, 0, 0, 0, 0, 0, 'b93636fdca6a8e1edef742d667e18c8a', 10, 5, 3, 2),
(3528, '威威虎', 100, 100, 6, 4, 0, 0, 1, 0, 0, 0, 0, 0, 0, 0, '91ec5e467841b175a85ca5ef02ef7aa9', 15, 5, 4, 0),
(3527, '笨笨牛', 100, 100, 6, 4, 0, 0, 1, 0, 0, 0, 0, 0, 0, 0, '91ec5e467841b175a85ca5ef02ef7aa9', 9, 2, 5, 3),
(3526, '咩咩羊', 100, 100, 6, 4, 0, 0, 1, 0, 0, 0, 0, 0, 0, 0, '0f16fd6082fd46fdeab5a5bb6be32dc4', 8, 5, 3, 0),
(3525, '咩咩羊', 100, 100, 6, 4, 0, 0, 1, 0, 0, 0, 0, 0, 0, 0, '0f16fd6082fd46fdeab5a5bb6be32dc4', 24, 4, 8, 0),
(3524, '溜溜马', 100, 100, 6, 4, 0, 0, 1, 0, 0, 0, 0, 0, 0, 0, '684051aec8cc8472206087dc2658ae7c', 20, 4, 4, 2),
(2888, '花花蛇', 100, 100, 6, 4, 0, 0, 1, 0, 0, 0, 0, 0, 0, 0, 'af1d74362b935eb0ac845b7e4f7f707f', 5, 6, 6, 1),
(3523, '帅帅猴', 100, 100, 6, 4, 0, 0, 1, 0, 0, 0, 0, 0, 0, 0, '684051aec8cc8472206087dc2658ae7c', 15, 3, 7, 1),
(2890, '帅帅猴', 100, 100, 6, 4, 0, 0, 1, 0, 0, 0, 0, 0, 0, 0, 'af1d74362b935eb0ac845b7e4f7f707f', 6, 5, 6, 1),
(2892, '伶俐鼠', 100, 100, 6, 4, 0, 0, 1, 0, 0, 0, 0, 0, 0, 0, 'af1d74362b935eb0ac845b7e4f7f707f', 4, 8, 4, 1),
(3522, '跳跳兔', 100, 100, 6, 4, 0, 0, 1, 0, 0, 0, 0, 0, 0, 0, 'af54af4a9b880d02dcd60fc1b0524dd7', 9, 3, 7, 0),
(3521, '酷酷龙', 100, 100, 6, 4, 0, 0, 1, 0, 0, 0, 0, 0, 0, 0, 'af54af4a9b880d02dcd60fc1b0524dd7', 15, 4, 7, 2),
(3520, '溜溜马', 100, 100, 6, 4, 0, 0, 1, 0, 0, 0, 0, 0, 0, 0, '28f1763df68c4afdf505d27c70a8983b', 9, 2, 5, 2),
(2896, '蛋蛋鸡', 100, 100, 6, 4, 0, 0, 1, 0, 0, 0, 0, 0, 0, 0, 'af1d74362b935eb0ac845b7e4f7f707f', 5, 8, 7, 1),
(3519, '乖乖狗', 100, 100, 6, 4, 0, 0, 1, 0, 0, 0, 0, 0, 0, 0, '28f1763df68c4afdf505d27c70a8983b', 20, 4, 3, 3),
(3518, '花花蛇', 100, 100, 6, 4, 0, 0, 1, 0, 0, 0, 0, 0, 0, 0, '2f6777e7be5fed1b94c413bf443efc5f', 16, 5, 5, 5),
(3516, '蛋蛋鸡', 100, 100, 6, 4, 0, 0, 1, 0, 0, 0, 0, 0, 0, 0, 'ee1a9e463a83eeeaf317e9dc8a1c35a8', 19, 4, 8, 1),
(3515, '伶俐鼠', 100, 100, 6, 4, 0, 0, 1, 0, 0, 0, 0, 0, 0, 0, 'ee1a9e463a83eeeaf317e9dc8a1c35a8', 18, 5, 4, 0),
(3514, '笨笨牛', 100, 100, 6, 4, 0, 0, 1, 0, 0, 0, 0, 0, 0, 0, 'ce9e08f15f3a59f355798b90bd0d3fb4', 13, 4, 8, 0),
(3513, '帅帅猴', 100, 100, 6, 4, 0, 0, 1, 0, 0, 0, 0, 0, 0, 0, 'ce9e08f15f3a59f355798b90bd0d3fb4', 18, 5, 4, 0),
(2904, '花花蛇', 100, 100, 6, 4, 0, 0, 1, 0, 0, 0, 0, 0, 0, 0, 'af1d74362b935eb0ac845b7e4f7f707f', 6, 4, 6, 1),
(3512, '跳跳兔', 100, 100, 6, 4, 0, 0, 1, 0, 0, 0, 0, 0, 0, 0, 'b102ed029de6d7454172c3352b103110', 9, 3, 5, 3),
(3511, '蛋蛋鸡', 100, 100, 6, 4, 0, 0, 1, 0, 0, 0, 0, 0, 0, 0, 'b102ed029de6d7454172c3352b103110', 9, 4, 3, 1),
(2907, '酷酷龙', 100, 100, 6, 4, 0, 0, 1, 0, 0, 0, 0, 0, 0, 0, 'af1d74362b935eb0ac845b7e4f7f707f', 8, 4, 4, 2),
(3469, '笨笨牛', 92, 100, 6, 4, 0, 0, 1, 34, 0, 0, 0, 0, 0, 0, 'ca0904a308346c194ff8ec780ccf6736', 8, 2, 3, 0),
(3468, '招财猪', 100, 100, 6, 4, 0, 0, 1, 0, 0, 0, 0, 0, 0, 0, '4f49b5eb675277e6401832966f112262', 25, 5, 5, 0),
(2910, '溜溜马', 100, 100, 6, 4, 0, 0, 1, 0, 0, 0, 0, 0, 0, 0, 'af1d74362b935eb0ac845b7e4f7f707f', 6, 8, 4, 0),
(2912, '乖乖狗', 100, 100, 6, 4, 0, 0, 1, 0, 0, 0, 0, 0, 0, 0, 'af1d74362b935eb0ac845b7e4f7f707f', 6, 5, 5, 1),
(2913, '溜溜马', 100, 100, 6, 4, 0, 0, 1, 0, 0, 0, 0, 0, 0, 0, 'af1d74362b935eb0ac845b7e4f7f707f', 5, 6, 5, 1),
(2914, '花花蛇', 100, 100, 6, 4, 0, 0, 1, 0, 0, 0, 0, 0, 0, 0, 'af1d74362b935eb0ac845b7e4f7f707f', 3, 8, 4, 1),
(3467, '溜溜马', 91, 100, 6, 4, 0, 0, 1, 8, 0, 0, 0, 0, 0, 0, '4f49b5eb675277e6401832966f112262', 23, 2, 4, 0),
(2916, '威威虎', 100, 100, 6, 4, 0, 0, 1, 0, 0, 0, 0, 0, 0, 0, 'af1d74362b935eb0ac845b7e4f7f707f', 8, 7, 6, 1),
(2917, '帅帅猴', 100, 100, 6, 4, 0, 0, 1, 0, 0, 0, 0, 0, 0, 0, 'af1d74362b935eb0ac845b7e4f7f707f', 3, 5, 7, 2),
(3465, '酷酷龙', 100, 100, 6, 4, 0, 0, 1, 0, 0, 0, 0, 0, 0, 0, 'ea5a17b7f6c42320f7c242f2871a0f8d', 21, 5, 3, 0),
(2919, '招财猪', 100, 100, 6, 4, 0, 0, 1, 0, 0, 0, 0, 0, 0, 0, 'af1d74362b935eb0ac845b7e4f7f707f', 7, 4, 8, 0),
(3466, '溜溜马', 247, 262, 30, 64, 0, 0, 7, 287, 0, 0, 0, 0, 0, 0, 'ea5a17b7f6c42320f7c242f2871a0f8d', 21, 3, 8, 3),
(2922, '咩咩羊', 100, 276, 182, 132, 0, 0, 17, 5205, 0, 0, 0, 0, 0, 0, '6b7b2713b1a52397c7282509906e8c5e', 8, 8, 6, 4),
(2923, '帅帅猴', 100, 100, 6, 4, 0, 0, 1, 0, 0, 0, 0, 0, 0, 0, 'af1d74362b935eb0ac845b7e4f7f707f', 5, 5, 6, 1),
(2924, '蛋蛋鸡', 100, 100, 6, 4, 0, 0, 1, 0, 0, 0, 0, 0, 0, 0, '6b7b2713b1a52397c7282509906e8c5e', 4, 8, 5, 0),
(2925, '帅帅猴', 100, 100, 6, 4, 0, 0, 1, 0, 0, 0, 0, 0, 0, 0, 'af1d74362b935eb0ac845b7e4f7f707f', 5, 6, 6, 0),
(2926, '乖乖狗', 100, 100, 6, 4, 0, 0, 1, 0, 0, 0, 0, 0, 0, 0, '6b7b2713b1a52397c7282509906e8c5e', 8, 4, 8, 0),
(2927, '咩咩羊', 100, 100, 6, 4, 0, 0, 1, 0, 0, 0, 0, 0, 0, 0, 'af1d74362b935eb0ac845b7e4f7f707f', 3, 5, 7, 0),
(2928, '跳跳兔', 100, 100, 6, 4, 0, 0, 1, 0, 0, 0, 0, 0, 0, 0, '6b7b2713b1a52397c7282509906e8c5e', 3, 4, 8, 3),
(2929, '咩咩羊', 28, 352, 96, 58, 0, 0, 13, 5588, 0, 0, 0, 0, 0, 0, 'af1d74362b935eb0ac845b7e4f7f707f', 8, 8, 4, 5),
(2930, '花花蛇', 100, 100, 6, 4, 0, 0, 1, 0, 0, 0, 0, 0, 0, 0, '6b7b2713b1a52397c7282509906e8c5e', 6, 4, 8, 3),
(2931, '酷酷龙', 100, 100, 6, 4, 0, 0, 1, 0, 0, 0, 0, 0, 0, 0, '6b7b2713b1a52397c7282509906e8c5e', 7, 7, 6, 3),
(2932, '蛋蛋鸡', 100, 100, 6, 4, 0, 0, 1, 0, 0, 0, 0, 0, 0, 0, '6b7b2713b1a52397c7282509906e8c5e', 8, 4, 5, 1),
(2933, '伶俐鼠', 100, 100, 6, 4, 0, 0, 1, 0, 0, 0, 0, 0, 0, 0, '6b7b2713b1a52397c7282509906e8c5e', 5, 7, 6, 2),
(2934, '威威虎', 100, 100, 6, 4, 0, 0, 1, 0, 0, 0, 0, 0, 0, 0, '6b7b2713b1a52397c7282509906e8c5e', 4, 4, 8, 1),
(2935, '伶俐鼠', 100, 100, 6, 4, 0, 0, 1, 0, 0, 0, 0, 0, 0, 0, '6b7b2713b1a52397c7282509906e8c5e', 4, 6, 8, 1),
(2936, '威威虎', 100, 100, 6, 4, 0, 0, 1, 0, 0, 0, 0, 0, 0, 0, '6b7b2713b1a52397c7282509906e8c5e', 3, 6, 5, 0),
(2937, '招财猪', 100, 100, 6, 4, 0, 0, 1, 0, 0, 0, 0, 0, 0, 0, '6b7b2713b1a52397c7282509906e8c5e', 7, 3, 4, 0),
(2938, '蛋蛋鸡', 100, 100, 6, 4, 0, 0, 1, 0, 0, 0, 0, 0, 0, 0, '6b7b2713b1a52397c7282509906e8c5e', 8, 8, 5, 0),
(2939, '伶俐鼠', 100, 100, 6, 4, 0, 0, 1, 0, 0, 0, 0, 0, 0, 0, '6b7b2713b1a52397c7282509906e8c5e', 5, 6, 8, 3),
(2940, '招财猪', 100, 100, 6, 4, 0, 0, 1, 0, 0, 0, 0, 0, 0, 0, '6b7b2713b1a52397c7282509906e8c5e', 4, 5, 5, 5),
(2941, '乖乖狗', 100, 100, 6, 4, 0, 0, 1, 0, 0, 0, 0, 0, 0, 0, '6b7b2713b1a52397c7282509906e8c5e', 3, 3, 6, 2),
(2942, '溜溜马', 100, 100, 6, 4, 0, 0, 1, 0, 0, 0, 0, 0, 0, 0, '6b7b2713b1a52397c7282509906e8c5e', 7, 8, 5, 1),
(2943, '威威虎', 100, 100, 6, 4, 0, 0, 1, 0, 0, 0, 0, 0, 0, 0, '6b7b2713b1a52397c7282509906e8c5e', 7, 8, 3, 0),
(2944, '溜溜马', 100, 100, 6, 4, 0, 0, 1, 0, 0, 0, 0, 0, 0, 0, '6b7b2713b1a52397c7282509906e8c5e', 7, 8, 5, 1),
(2945, '酷酷龙', 100, 100, 6, 4, 0, 0, 1, 0, 0, 0, 0, 0, 0, 0, '6b7b2713b1a52397c7282509906e8c5e', 7, 7, 7, 3),
(2946, '帅帅猴', 100, 100, 6, 4, 0, 0, 1, 0, 0, 0, 0, 0, 0, 0, '6b7b2713b1a52397c7282509906e8c5e', 6, 4, 7, 0),
(2947, '伶俐鼠', 100, 100, 6, 4, 0, 0, 1, 0, 0, 0, 0, 0, 0, 0, '6b7b2713b1a52397c7282509906e8c5e', 5, 8, 7, 0),
(2948, '溜溜马', 100, 100, 6, 4, 0, 0, 1, 0, 0, 0, 0, 0, 0, 0, '6b7b2713b1a52397c7282509906e8c5e', 8, 5, 5, 0),
(2949, '酷酷龙', 100, 100, 6, 4, 0, 0, 1, 0, 0, 0, 0, 0, 0, 0, '6b7b2713b1a52397c7282509906e8c5e', 4, 7, 5, 0),
(2950, '蛋蛋鸡', 100, 100, 6, 4, 0, 0, 1, 0, 0, 0, 0, 0, 0, 0, '6b7b2713b1a52397c7282509906e8c5e', 5, 3, 6, 0),
(2951, '乖乖狗', 100, 100, 6, 4, 0, 0, 1, 0, 0, 0, 0, 0, 0, 0, '6b7b2713b1a52397c7282509906e8c5e', 7, 7, 4, 1),
(2952, '蛋蛋鸡', 100, 100, 6, 4, 0, 0, 1, 0, 0, 0, 0, 0, 0, 0, '6b7b2713b1a52397c7282509906e8c5e', 4, 8, 5, 2),
(2953, '乖乖狗', 100, 100, 6, 4, 0, 0, 1, 0, 0, 0, 0, 0, 0, 0, '6b7b2713b1a52397c7282509906e8c5e', 5, 4, 7, 3),
(2954, '乖乖狗', 100, 100, 6, 4, 0, 0, 1, 0, 0, 0, 0, 0, 0, 0, '6b7b2713b1a52397c7282509906e8c5e', 3, 6, 3, 0),
(2955, '酷酷龙', 100, 100, 6, 4, 0, 0, 1, 0, 0, 0, 0, 0, 0, 0, '6b7b2713b1a52397c7282509906e8c5e', 4, 7, 4, 3),
(2956, '乖乖狗', 100, 100, 6, 4, 0, 0, 1, 0, 0, 0, 0, 0, 0, 0, '6b7b2713b1a52397c7282509906e8c5e', 7, 7, 4, 0),
(2957, '酷酷龙', 100, 100, 6, 4, 0, 0, 1, 0, 0, 0, 0, 0, 0, 0, '6b7b2713b1a52397c7282509906e8c5e', 7, 4, 7, 1),
(2958, '咩咩羊', 100, 100, 6, 4, 0, 0, 1, 0, 0, 0, 0, 0, 0, 0, '6b7b2713b1a52397c7282509906e8c5e', 5, 8, 7, 1),
(2959, '溜溜马', 100, 100, 6, 4, 0, 0, 1, 0, 0, 0, 0, 0, 0, 0, '6b7b2713b1a52397c7282509906e8c5e', 7, 6, 8, 0),
(2960, '伶俐鼠', 100, 100, 6, 4, 0, 0, 1, 0, 0, 0, 0, 0, 0, 0, '6b7b2713b1a52397c7282509906e8c5e', 6, 5, 3, 4),
(2962, '咩咩羊', 100, 100, 6, 4, 0, 0, 1, 0, 0, 0, 0, 0, 0, 0, '6b7b2713b1a52397c7282509906e8c5e', 8, 7, 5, 0),
(2963, '威威虎', 100, 100, 6, 4, 0, 0, 1, 0, 0, 0, 0, 0, 0, 0, '6b7b2713b1a52397c7282509906e8c5e', 7, 8, 6, 0),
(2964, '跳跳兔', 100, 100, 6, 4, 0, 0, 1, 0, 0, 0, 0, 0, 0, 0, '6b7b2713b1a52397c7282509906e8c5e', 3, 5, 5, 0),
(2965, '跳跳兔', 100, 100, 6, 4, 0, 0, 1, 0, 0, 0, 0, 0, 0, 0, '6b7b2713b1a52397c7282509906e8c5e', 8, 8, 3, 0),
(2966, '跳跳兔', 100, 100, 6, 4, 0, 0, 1, 0, 0, 0, 0, 0, 0, 0, '6b7b2713b1a52397c7282509906e8c5e', 8, 8, 5, 1),
(2967, '乖乖狗', 100, 100, 6, 4, 0, 0, 1, 0, 0, 0, 0, 0, 0, 0, '6b7b2713b1a52397c7282509906e8c5e', 5, 3, 4, 2),
(2968, '乖乖狗', 100, 100, 6, 4, 0, 0, 1, 0, 0, 0, 0, 0, 0, 0, '6b7b2713b1a52397c7282509906e8c5e', 8, 4, 4, 1),
(2969, '帅帅猴', 100, 100, 6, 4, 0, 0, 1, 0, 0, 0, 0, 0, 0, 0, '6b7b2713b1a52397c7282509906e8c5e', 5, 7, 8, 0),
(2970, '跳跳兔', 100, 100, 6, 4, 0, 0, 1, 0, 0, 0, 0, 0, 0, 0, '6b7b2713b1a52397c7282509906e8c5e', 8, 4, 3, 0),
(2971, '蛋蛋鸡', 100, 100, 6, 4, 0, 0, 1, 0, 0, 0, 0, 0, 0, 0, '6b7b2713b1a52397c7282509906e8c5e', 4, 6, 4, 1),
(2972, '乖乖狗', 100, 100, 6, 4, 0, 0, 1, 0, 0, 0, 0, 0, 0, 0, '6b7b2713b1a52397c7282509906e8c5e', 6, 8, 8, 0),
(2973, '威威虎', 100, 100, 6, 4, 0, 0, 1, 0, 0, 0, 0, 0, 0, 0, '6b7b2713b1a52397c7282509906e8c5e', 4, 7, 6, 2),
(2974, '蛋蛋鸡', 100, 100, 6, 4, 0, 0, 1, 0, 0, 0, 0, 0, 0, 0, '6b7b2713b1a52397c7282509906e8c5e', 5, 8, 8, 2),
(2975, '溜溜马', 100, 100, 6, 4, 0, 0, 1, 0, 0, 0, 0, 0, 0, 0, '6b7b2713b1a52397c7282509906e8c5e', 6, 8, 3, 1),
(2976, '威威虎', 100, 100, 6, 4, 0, 0, 1, 0, 0, 0, 0, 0, 0, 0, 'af1d74362b935eb0ac845b7e4f7f707f', 7, 4, 6, 4),
(2977, '招财猪', 100, 100, 6, 4, 0, 0, 1, 0, 0, 0, 0, 0, 0, 0, '6b7b2713b1a52397c7282509906e8c5e', 8, 7, 7, 1),
(2978, '溜溜马', 100, 100, 6, 4, 0, 0, 1, 0, 0, 0, 0, 0, 0, 0, 'af1d74362b935eb0ac845b7e4f7f707f', 6, 6, 3, 2),
(2979, '咩咩羊', 100, 100, 6, 4, 0, 0, 1, 0, 0, 0, 0, 0, 0, 0, 'af1d74362b935eb0ac845b7e4f7f707f', 4, 7, 4, 1),
(2980, '威威虎', 100, 100, 6, 4, 0, 0, 1, 0, 0, 0, 0, 0, 0, 0, '6b7b2713b1a52397c7282509906e8c5e', 7, 3, 4, 0),
(2981, '笨笨牛', 100, 100, 6, 4, 0, 0, 1, 0, 0, 0, 0, 0, 0, 0, 'af1d74362b935eb0ac845b7e4f7f707f', 4, 8, 6, 1),
(2982, '酷酷龙', 100, 100, 6, 4, 0, 0, 1, 0, 0, 0, 0, 0, 0, 0, '6b7b2713b1a52397c7282509906e8c5e', 6, 5, 4, 0),
(2983, '溜溜马', 100, 100, 6, 4, 0, 0, 1, 0, 0, 0, 0, 0, 0, 0, 'af1d74362b935eb0ac845b7e4f7f707f', 5, 7, 3, 2),
(2984, '招财猪', 100, 100, 6, 4, 0, 0, 1, 0, 0, 0, 0, 0, 0, 0, '6b7b2713b1a52397c7282509906e8c5e', 5, 8, 6, 0),
(2985, '帅帅猴', 100, 100, 6, 4, 0, 0, 1, 0, 0, 0, 0, 0, 0, 0, 'af1d74362b935eb0ac845b7e4f7f707f', 3, 4, 7, 0),
(2986, '招财猪', 100, 100, 6, 4, 0, 0, 1, 0, 0, 0, 0, 0, 0, 0, '6b7b2713b1a52397c7282509906e8c5e', 5, 5, 7, 2),
(2987, '招财猪', 100, 100, 6, 4, 0, 0, 1, 0, 0, 0, 0, 0, 0, 0, 'af1d74362b935eb0ac845b7e4f7f707f', 8, 8, 4, 2),
(2988, '蛋蛋鸡', 100, 100, 6, 4, 0, 0, 1, 0, 0, 0, 0, 0, 0, 0, '6b7b2713b1a52397c7282509906e8c5e', 6, 7, 6, 1),
(2989, '乖乖狗', 100, 100, 6, 4, 0, 0, 1, 0, 0, 0, 0, 0, 0, 0, '6b7b2713b1a52397c7282509906e8c5e', 6, 7, 5, 0),
(2990, '酷酷龙', 100, 100, 6, 4, 0, 0, 1, 0, 0, 0, 0, 0, 0, 0, '6b7b2713b1a52397c7282509906e8c5e', 7, 3, 5, 2),
(2991, '伶俐鼠', 100, 100, 6, 4, 0, 0, 1, 0, 0, 0, 0, 0, 0, 0, '6b7b2713b1a52397c7282509906e8c5e', 7, 7, 4, 4),
(2992, '酷酷龙', 100, 100, 6, 4, 0, 0, 1, 0, 0, 0, 0, 0, 0, 0, '6b7b2713b1a52397c7282509906e8c5e', 7, 4, 3, 0),
(2993, '咩咩羊', 100, 100, 6, 4, 0, 0, 1, 0, 0, 0, 0, 0, 0, 0, '6b7b2713b1a52397c7282509906e8c5e', 4, 3, 7, 2),
(2994, '威威虎', 100, 100, 6, 4, 0, 0, 1, 0, 0, 0, 0, 0, 0, 0, '6b7b2713b1a52397c7282509906e8c5e', 3, 5, 5, 1),
(2995, '花花蛇', 100, 100, 6, 4, 0, 0, 1, 0, 0, 0, 0, 0, 0, 0, 'af1d74362b935eb0ac845b7e4f7f707f', 4, 4, 3, 0),
(2996, '伶俐鼠', 100, 100, 6, 4, 0, 0, 1, 0, 0, 0, 0, 0, 0, 0, 'af1d74362b935eb0ac845b7e4f7f707f', 4, 3, 4, 1),
(2997, '乖乖狗', 100, 100, 6, 4, 0, 0, 1, 0, 0, 0, 0, 0, 0, 0, 'af1d74362b935eb0ac845b7e4f7f707f', 7, 3, 8, 0),
(2998, '威威虎', 100, 100, 6, 4, 0, 0, 1, 0, 0, 0, 0, 0, 0, 0, 'af1d74362b935eb0ac845b7e4f7f707f', 4, 5, 6, 1),
(2999, '溜溜马', 100, 100, 6, 4, 0, 0, 1, 0, 0, 0, 0, 0, 0, 0, 'af1d74362b935eb0ac845b7e4f7f707f', 7, 5, 8, 1),
(3000, '招财猪', 100, 100, 6, 4, 0, 0, 1, 0, 0, 0, 0, 0, 0, 0, '6b7b2713b1a52397c7282509906e8c5e', 8, 3, 5, 4),
(3001, '咩咩羊', 100, 100, 6, 4, 0, 0, 1, 0, 0, 0, 0, 0, 0, 0, 'af1d74362b935eb0ac845b7e4f7f707f', 7, 6, 6, 1),
(3002, '酷酷龙', 100, 100, 6, 4, 0, 0, 1, 0, 0, 0, 0, 0, 0, 0, '6b7b2713b1a52397c7282509906e8c5e', 7, 8, 4, 1),
(3003, '招财猪', 100, 100, 6, 4, 0, 0, 1, 0, 0, 0, 0, 0, 0, 0, 'af1d74362b935eb0ac845b7e4f7f707f', 4, 6, 8, 0),
(3004, '乖乖狗', 100, 100, 6, 4, 0, 0, 1, 0, 0, 0, 0, 0, 0, 0, '6b7b2713b1a52397c7282509906e8c5e', 3, 3, 8, 0),
(3005, '招财猪', 100, 100, 6, 4, 0, 0, 1, 0, 0, 0, 0, 0, 0, 0, 'af1d74362b935eb0ac845b7e4f7f707f', 4, 3, 4, 1),
(3006, '伶俐鼠', 100, 100, 6, 4, 0, 0, 1, 0, 0, 0, 0, 0, 0, 0, 'af1d74362b935eb0ac845b7e4f7f707f', 5, 7, 3, 0),
(3007, '威威虎', 100, 100, 6, 4, 0, 0, 1, 0, 0, 0, 0, 0, 0, 0, '6b7b2713b1a52397c7282509906e8c5e', 4, 7, 8, 1),
(3008, '伶俐鼠', 100, 100, 6, 4, 0, 0, 1, 0, 0, 0, 0, 0, 0, 0, '6b7b2713b1a52397c7282509906e8c5e', 7, 7, 7, 1),
(3009, '帅帅猴', 100, 100, 6, 4, 0, 0, 1, 0, 0, 0, 0, 0, 0, 0, 'af1d74362b935eb0ac845b7e4f7f707f', 5, 3, 6, 1),
(3010, '咩咩羊', 100, 100, 6, 4, 0, 0, 1, 0, 0, 0, 0, 0, 0, 0, '6b7b2713b1a52397c7282509906e8c5e', 6, 3, 4, 1),
(3011, '笨笨牛', 100, 100, 6, 4, 0, 0, 1, 0, 0, 0, 0, 0, 0, 0, '6b7b2713b1a52397c7282509906e8c5e', 5, 5, 8, 1),
(3012, '笨笨牛', 100, 100, 6, 4, 0, 0, 1, 0, 0, 0, 0, 0, 0, 0, 'af1d74362b935eb0ac845b7e4f7f707f', 8, 8, 4, 0),
(3013, '咩咩羊', 100, 100, 6, 4, 0, 0, 1, 0, 0, 0, 0, 0, 0, 0, '6b7b2713b1a52397c7282509906e8c5e', 5, 3, 3, 0),
(3014, '花花蛇', 100, 100, 6, 4, 0, 0, 1, 0, 0, 0, 0, 0, 0, 0, '6b7b2713b1a52397c7282509906e8c5e', 6, 8, 8, 0),
(3015, '帅帅猴', 100, 100, 6, 4, 0, 0, 1, 0, 0, 0, 0, 0, 0, 0, '6b7b2713b1a52397c7282509906e8c5e', 8, 3, 5, 0),
(3016, '酷酷龙', 100, 100, 6, 4, 0, 0, 1, 0, 0, 0, 0, 0, 0, 0, '6b7b2713b1a52397c7282509906e8c5e', 5, 7, 7, 0),
(3017, '花花蛇', 100, 100, 6, 4, 0, 0, 1, 0, 0, 0, 0, 0, 0, 0, '6b7b2713b1a52397c7282509906e8c5e', 8, 6, 5, 2),
(3067, '帅帅猴', 100, 100, 6, 4, 0, 0, 1, 0, 0, 0, 0, 0, 0, 0, '6b7b2713b1a52397c7282509906e8c5e', 6, 5, 3, 0),
(3018, '跳跳兔', 100, 100, 6, 4, 0, 0, 1, 0, 0, 0, 0, 0, 0, 0, '6b7b2713b1a52397c7282509906e8c5e', 4, 8, 6, 1),
(3019, '威威虎', 100, 100, 6, 4, 0, 0, 1, 0, 0, 0, 0, 0, 0, 0, '6b7b2713b1a52397c7282509906e8c5e', 4, 7, 3, 0),
(3020, '威威虎', 100, 100, 6, 4, 0, 0, 1, 0, 0, 0, 0, 0, 0, 0, 'af1d74362b935eb0ac845b7e4f7f707f', 7, 7, 3, 2),
(3021, '溜溜马', 100, 100, 6, 4, 0, 0, 1, 0, 0, 0, 0, 0, 0, 0, '6b7b2713b1a52397c7282509906e8c5e', 4, 7, 7, 0),
(3022, '乖乖狗', 100, 100, 6, 4, 0, 0, 1, 0, 0, 0, 0, 0, 0, 0, 'af1d74362b935eb0ac845b7e4f7f707f', 5, 5, 3, 1),
(3023, '蛋蛋鸡', 100, 100, 6, 4, 0, 0, 1, 0, 0, 0, 0, 0, 0, 0, 'af1d74362b935eb0ac845b7e4f7f707f', 5, 4, 4, 2),
(3024, '蛋蛋鸡', 100, 100, 6, 4, 0, 0, 1, 0, 0, 0, 0, 0, 0, 0, 'af1d74362b935eb0ac845b7e4f7f707f', 5, 6, 7, 0),
(3025, '威威虎', 100, 100, 6, 4, 0, 0, 1, 0, 0, 0, 0, 0, 0, 0, 'af1d74362b935eb0ac845b7e4f7f707f', 8, 4, 7, 0),
(3026, '威威虎', 100, 100, 6, 4, 0, 0, 1, 0, 0, 0, 0, 0, 0, 0, 'af1d74362b935eb0ac845b7e4f7f707f', 4, 7, 6, 0),
(3027, '跳跳兔', 100, 100, 6, 4, 0, 0, 1, 0, 0, 0, 0, 0, 0, 0, 'af1d74362b935eb0ac845b7e4f7f707f', 6, 4, 8, 1),
(3028, '帅帅猴', 100, 100, 6, 4, 0, 0, 1, 0, 0, 0, 0, 0, 0, 0, 'af1d74362b935eb0ac845b7e4f7f707f', 5, 4, 5, 3),
(3029, '招财猪', 100, 100, 6, 4, 0, 0, 1, 0, 0, 0, 0, 0, 0, 0, 'af1d74362b935eb0ac845b7e4f7f707f', 7, 8, 4, 0),
(3030, '溜溜马', 100, 100, 6, 4, 0, 0, 1, 0, 0, 0, 0, 0, 0, 0, 'af1d74362b935eb0ac845b7e4f7f707f', 4, 7, 8, 1),
(3031, '乖乖狗', 100, 100, 6, 4, 0, 0, 1, 0, 0, 0, 0, 0, 0, 0, '6b7b2713b1a52397c7282509906e8c5e', 3, 5, 5, 1),
(3032, '酷酷龙', 100, 100, 6, 4, 0, 0, 1, 0, 0, 0, 0, 0, 0, 0, '6b7b2713b1a52397c7282509906e8c5e', 8, 6, 6, 0),
(3033, '跳跳兔', 100, 100, 6, 4, 0, 0, 1, 0, 0, 0, 0, 0, 0, 0, '6b7b2713b1a52397c7282509906e8c5e', 8, 8, 6, 1),
(3034, '威威虎', 100, 100, 6, 4, 0, 0, 1, 0, 0, 0, 0, 0, 0, 0, '6b7b2713b1a52397c7282509906e8c5e', 5, 3, 7, 0),
(3035, '笨笨牛', 100, 100, 6, 4, 0, 0, 1, 0, 0, 0, 0, 0, 0, 0, '6b7b2713b1a52397c7282509906e8c5e', 5, 6, 8, 2),
(3036, '招财猪', 100, 100, 6, 4, 0, 0, 1, 0, 0, 0, 0, 0, 0, 0, '6b7b2713b1a52397c7282509906e8c5e', 5, 4, 7, 0),
(3037, '咩咩羊', 100, 100, 6, 4, 0, 0, 1, 0, 0, 0, 0, 0, 0, 0, '6b7b2713b1a52397c7282509906e8c5e', 6, 8, 8, 3),
(3038, '帅帅猴', 100, 100, 6, 4, 0, 0, 1, 0, 0, 0, 0, 0, 0, 0, '6b7b2713b1a52397c7282509906e8c5e', 4, 7, 5, 3),
(3039, '蛋蛋鸡', 100, 100, 6, 4, 0, 0, 1, 0, 0, 0, 0, 0, 0, 0, '6b7b2713b1a52397c7282509906e8c5e', 6, 6, 5, 3),
(3040, '花花蛇', 100, 100, 6, 4, 0, 0, 1, 0, 0, 0, 0, 0, 0, 0, '6b7b2713b1a52397c7282509906e8c5e', 4, 5, 6, 2),
(3041, '笨笨牛', 100, 100, 6, 4, 0, 0, 1, 0, 0, 0, 0, 0, 0, 0, '6b7b2713b1a52397c7282509906e8c5e', 5, 3, 8, 1),
(3042, '威威虎', 100, 100, 6, 4, 0, 0, 1, 0, 0, 0, 0, 0, 0, 0, '6b7b2713b1a52397c7282509906e8c5e', 4, 4, 6, 1),
(3043, '咩咩羊', 100, 100, 6, 4, 0, 0, 1, 0, 0, 0, 0, 0, 0, 0, '6b7b2713b1a52397c7282509906e8c5e', 6, 6, 5, 1),
(3044, '笨笨牛', 100, 100, 6, 4, 0, 0, 1, 0, 0, 0, 0, 0, 0, 0, '6b7b2713b1a52397c7282509906e8c5e', 8, 8, 7, 1),
(3045, '伶俐鼠', 100, 100, 6, 4, 0, 0, 1, 0, 0, 0, 0, 0, 0, 0, '6b7b2713b1a52397c7282509906e8c5e', 6, 8, 5, 0),
(3046, '咩咩羊', 100, 100, 6, 4, 0, 0, 1, 0, 0, 0, 0, 0, 0, 0, '6b7b2713b1a52397c7282509906e8c5e', 8, 7, 7, 2),
(3047, '笨笨牛', 100, 100, 6, 4, 0, 0, 1, 0, 0, 0, 0, 0, 0, 0, '6b7b2713b1a52397c7282509906e8c5e', 4, 5, 4, 1),
(3048, '酷酷龙', 100, 100, 6, 4, 0, 0, 1, 0, 0, 0, 0, 0, 0, 0, '6b7b2713b1a52397c7282509906e8c5e', 6, 5, 7, 1),
(3049, '咩咩羊', 100, 100, 6, 4, 0, 0, 1, 0, 0, 0, 0, 0, 0, 0, '6b7b2713b1a52397c7282509906e8c5e', 7, 8, 8, 0),
(3050, '跳跳兔', 100, 100, 6, 4, 0, 0, 1, 0, 0, 0, 0, 0, 0, 0, '6b7b2713b1a52397c7282509906e8c5e', 6, 5, 6, 0),
(3051, '咩咩羊', 100, 100, 6, 4, 0, 0, 1, 0, 0, 0, 0, 0, 0, 0, '6b7b2713b1a52397c7282509906e8c5e', 6, 7, 7, 1),
(3052, '咩咩羊', 100, 100, 6, 4, 0, 0, 1, 0, 0, 0, 0, 0, 0, 0, '6b7b2713b1a52397c7282509906e8c5e', 8, 6, 4, 0),
(3053, '乖乖狗', 100, 100, 6, 4, 0, 0, 1, 0, 0, 0, 0, 0, 0, 0, '6b7b2713b1a52397c7282509906e8c5e', 7, 4, 3, 1),
(3054, '跳跳兔', 100, 100, 6, 4, 0, 0, 1, 0, 0, 0, 0, 0, 0, 0, '6b7b2713b1a52397c7282509906e8c5e', 6, 3, 4, 0),
(3055, '溜溜马', 100, 100, 6, 4, 0, 0, 1, 0, 0, 0, 0, 0, 0, 0, '6b7b2713b1a52397c7282509906e8c5e', 8, 6, 6, 2),
(3056, '蛋蛋鸡', 100, 100, 6, 4, 0, 0, 1, 0, 0, 0, 0, 0, 0, 0, '6b7b2713b1a52397c7282509906e8c5e', 5, 4, 7, 0),
(3057, '溜溜马', 100, 100, 6, 4, 0, 0, 1, 0, 0, 0, 0, 0, 0, 0, '6b7b2713b1a52397c7282509906e8c5e', 7, 5, 4, 3),
(3058, '酷酷龙', 100, 100, 6, 4, 0, 0, 1, 0, 0, 0, 0, 0, 0, 0, '6b7b2713b1a52397c7282509906e8c5e', 8, 3, 5, 1),
(3059, '跳跳兔', 100, 100, 6, 4, 0, 0, 1, 0, 0, 0, 0, 0, 0, 0, '6b7b2713b1a52397c7282509906e8c5e', 7, 6, 5, 1),
(3060, '帅帅猴', 100, 100, 6, 4, 0, 0, 1, 0, 0, 0, 0, 0, 0, 0, '6b7b2713b1a52397c7282509906e8c5e', 3, 3, 8, 1),
(3061, '威威虎', 100, 100, 6, 4, 0, 0, 1, 0, 0, 0, 0, 0, 0, 0, '6b7b2713b1a52397c7282509906e8c5e', 4, 4, 3, 1),
(3062, '咩咩羊', 100, 100, 6, 4, 0, 0, 1, 0, 0, 0, 0, 0, 0, 0, '6b7b2713b1a52397c7282509906e8c5e', 6, 8, 3, 3),
(3063, '蛋蛋鸡', 100, 100, 6, 4, 0, 0, 1, 0, 0, 0, 0, 0, 0, 0, '6b7b2713b1a52397c7282509906e8c5e', 3, 7, 7, 1),
(3064, '跳跳兔', 100, 100, 6, 4, 0, 0, 1, 0, 0, 0, 0, 0, 0, 0, '6b7b2713b1a52397c7282509906e8c5e', 6, 6, 7, 2),
(3065, '咩咩羊', 100, 100, 6, 4, 0, 0, 1, 0, 0, 0, 0, 0, 0, 0, '6b7b2713b1a52397c7282509906e8c5e', 6, 7, 4, 0),
(3066, '酷酷龙', 100, 100, 6, 4, 0, 0, 1, 0, 0, 0, 0, 0, 0, 0, '6b7b2713b1a52397c7282509906e8c5e', 5, 4, 3, 1),
(3068, '花花蛇', 100, 100, 6, 4, 0, 0, 1, 0, 0, 0, 0, 0, 0, 0, '6b7b2713b1a52397c7282509906e8c5e', 7, 6, 3, 0),
(3069, '溜溜马', 100, 100, 6, 4, 0, 0, 1, 0, 0, 0, 0, 0, 0, 0, '6b7b2713b1a52397c7282509906e8c5e', 3, 4, 4, 3),
(3070, '跳跳兔', 100, 100, 6, 4, 0, 0, 1, 0, 0, 0, 0, 0, 0, 0, '6b7b2713b1a52397c7282509906e8c5e', 6, 7, 6, 0),
(3071, '咩咩羊', 100, 100, 6, 4, 0, 0, 1, 0, 0, 0, 0, 0, 0, 0, '6b7b2713b1a52397c7282509906e8c5e', 6, 3, 8, 3),
(3072, '伶俐鼠', 100, 100, 6, 4, 0, 0, 1, 0, 0, 0, 0, 0, 0, 0, '6b7b2713b1a52397c7282509906e8c5e', 5, 5, 8, 0),
(3073, '花花蛇', 100, 100, 6, 4, 0, 0, 1, 0, 0, 0, 0, 0, 0, 0, '6b7b2713b1a52397c7282509906e8c5e', 4, 5, 4, 0),
(3074, '溜溜马', 100, 100, 6, 4, 0, 0, 1, 0, 0, 0, 0, 0, 0, 0, '6b7b2713b1a52397c7282509906e8c5e', 6, 8, 5, 2),
(3075, '笨笨牛', 100, 100, 6, 4, 0, 0, 1, 0, 0, 0, 0, 0, 0, 0, 'af1d74362b935eb0ac845b7e4f7f707f', 8, 5, 3, 2),
(3076, '花花蛇', 100, 100, 6, 4, 0, 0, 1, 0, 0, 0, 0, 0, 0, 0, '6b7b2713b1a52397c7282509906e8c5e', 8, 5, 4, 2),
(3077, '跳跳兔', 100, 100, 6, 4, 0, 0, 1, 0, 0, 0, 0, 0, 0, 0, 'af1d74362b935eb0ac845b7e4f7f707f', 3, 7, 4, 2),
(3078, '乖乖狗', 100, 100, 6, 4, 0, 0, 1, 0, 0, 0, 0, 0, 0, 0, '6b7b2713b1a52397c7282509906e8c5e', 7, 6, 4, 1),
(3079, '威威虎', 100, 100, 6, 4, 0, 0, 1, 0, 0, 0, 0, 0, 0, 0, 'af1d74362b935eb0ac845b7e4f7f707f', 3, 5, 3, 0),
(3080, '跳跳兔', 100, 100, 6, 4, 0, 0, 1, 0, 0, 0, 0, 0, 0, 0, 'af1d74362b935eb0ac845b7e4f7f707f', 5, 3, 5, 1),
(3081, '跳跳兔', 100, 100, 6, 4, 0, 0, 1, 0, 0, 0, 0, 0, 0, 0, '6b7b2713b1a52397c7282509906e8c5e', 3, 3, 6, 1),
(3082, '跳跳兔', 100, 100, 6, 4, 0, 0, 1, 0, 0, 0, 0, 0, 0, 0, 'af1d74362b935eb0ac845b7e4f7f707f', 7, 7, 8, 0),
(3083, '伶俐鼠', 100, 100, 6, 4, 0, 0, 1, 0, 0, 0, 0, 0, 0, 0, '6b7b2713b1a52397c7282509906e8c5e', 7, 3, 7, 2),
(3084, '酷酷龙', 100, 100, 6, 4, 0, 0, 1, 0, 0, 0, 0, 0, 0, 0, '6b7b2713b1a52397c7282509906e8c5e', 4, 6, 3, 0),
(3085, '威威虎', 100, 100, 6, 4, 0, 0, 1, 0, 0, 0, 0, 0, 0, 0, 'af1d74362b935eb0ac845b7e4f7f707f', 7, 8, 6, 0),
(3086, '蛋蛋鸡', 100, 100, 6, 4, 0, 0, 1, 0, 0, 0, 0, 0, 0, 0, '6b7b2713b1a52397c7282509906e8c5e', 8, 8, 8, 1),
(3087, '伶俐鼠', 100, 100, 6, 4, 0, 0, 1, 0, 0, 0, 0, 0, 0, 0, '6b7b2713b1a52397c7282509906e8c5e', 5, 4, 6, 4),
(3088, '花花蛇', 100, 100, 6, 4, 0, 0, 1, 0, 0, 0, 0, 0, 0, 0, '6b7b2713b1a52397c7282509906e8c5e', 8, 6, 6, 1),
(3089, '蛋蛋鸡', 100, 100, 6, 4, 0, 0, 1, 0, 0, 0, 0, 0, 0, 0, '6b7b2713b1a52397c7282509906e8c5e', 6, 5, 7, 3),
(3090, '酷酷龙', 100, 100, 6, 4, 0, 0, 1, 0, 0, 0, 0, 0, 0, 0, '6b7b2713b1a52397c7282509906e8c5e', 8, 7, 6, 0),
(3091, '花花蛇', 100, 100, 6, 4, 0, 0, 1, 0, 0, 0, 0, 0, 0, 0, '6b7b2713b1a52397c7282509906e8c5e', 6, 7, 7, 0),
(3092, '跳跳兔', 100, 100, 6, 4, 0, 0, 1, 0, 0, 0, 0, 0, 0, 0, '6b7b2713b1a52397c7282509906e8c5e', 4, 7, 7, 0),
(3093, '跳跳兔', 100, 100, 6, 4, 0, 0, 1, 0, 0, 0, 0, 0, 0, 0, '6b7b2713b1a52397c7282509906e8c5e', 6, 3, 3, 0),
(3094, '招财猪', 100, 100, 6, 4, 0, 0, 1, 0, 0, 0, 0, 0, 0, 0, '6b7b2713b1a52397c7282509906e8c5e', 5, 4, 5, 0),
(3095, '咩咩羊', 100, 100, 6, 4, 0, 0, 1, 0, 0, 0, 0, 0, 0, 0, 'af1d74362b935eb0ac845b7e4f7f707f', 5, 6, 4, 1),
(3096, '威威虎', 100, 100, 6, 4, 0, 0, 1, 0, 0, 0, 0, 0, 0, 0, 'af1d74362b935eb0ac845b7e4f7f707f', 4, 5, 4, 0),
(3097, '招财猪', 100, 100, 6, 4, 0, 0, 1, 0, 0, 0, 0, 0, 0, 0, 'af1d74362b935eb0ac845b7e4f7f707f', 7, 8, 6, 1),
(3098, '溜溜马', 100, 100, 6, 4, 0, 0, 1, 0, 0, 0, 0, 0, 0, 0, 'af1d74362b935eb0ac845b7e4f7f707f', 3, 4, 5, 0),
(3099, '蛋蛋鸡', 100, 100, 6, 4, 0, 0, 1, 0, 0, 0, 0, 0, 0, 0, 'af1d74362b935eb0ac845b7e4f7f707f', 8, 8, 8, 1),
(3100, '跳跳兔', 100, 100, 6, 4, 0, 0, 1, 0, 0, 0, 0, 0, 0, 0, '6b7b2713b1a52397c7282509906e8c5e', 6, 4, 6, 1),
(3101, '溜溜马', 100, 100, 6, 4, 0, 0, 1, 0, 0, 0, 0, 0, 0, 0, '6b7b2713b1a52397c7282509906e8c5e', 4, 6, 5, 1),
(3102, '帅帅猴', 100, 100, 6, 4, 0, 0, 1, 0, 0, 0, 0, 0, 0, 0, '6b7b2713b1a52397c7282509906e8c5e', 4, 8, 6, 0),
(3103, '威威虎', 100, 100, 6, 4, 0, 0, 1, 0, 0, 0, 0, 0, 0, 0, '6b7b2713b1a52397c7282509906e8c5e', 3, 5, 5, 0),
(3104, '乖乖狗', 100, 100, 6, 4, 0, 0, 1, 0, 0, 0, 0, 0, 0, 0, '6b7b2713b1a52397c7282509906e8c5e', 8, 5, 6, 2),
(3105, '伶俐鼠', 100, 100, 6, 4, 0, 0, 1, 0, 0, 0, 0, 0, 0, 0, '6b7b2713b1a52397c7282509906e8c5e', 6, 3, 3, 0),
(3106, '溜溜马', 100, 100, 6, 4, 0, 0, 1, 0, 0, 0, 0, 0, 0, 0, '6b7b2713b1a52397c7282509906e8c5e', 5, 4, 6, 0),
(3107, '乖乖狗', 100, 100, 6, 4, 0, 0, 1, 0, 0, 0, 0, 0, 0, 0, 'af1d74362b935eb0ac845b7e4f7f707f', 3, 8, 8, 2),
(3108, '蛋蛋鸡', 100, 100, 6, 4, 0, 0, 1, 0, 0, 0, 0, 0, 0, 0, '6b7b2713b1a52397c7282509906e8c5e', 7, 6, 5, 1),
(3109, '咩咩羊', 100, 100, 6, 4, 0, 0, 1, 0, 0, 0, 0, 0, 0, 0, 'af1d74362b935eb0ac845b7e4f7f707f', 5, 8, 7, 2),
(3110, '蛋蛋鸡', 100, 100, 6, 4, 0, 0, 1, 0, 0, 0, 0, 0, 0, 0, '6b7b2713b1a52397c7282509906e8c5e', 3, 4, 8, 0),
(3111, '咩咩羊', 100, 100, 6, 4, 0, 0, 1, 0, 0, 0, 0, 0, 0, 0, 'af1d74362b935eb0ac845b7e4f7f707f', 8, 5, 3, 1),
(3112, '跳跳兔', 100, 100, 6, 4, 0, 0, 1, 0, 0, 0, 0, 0, 0, 0, 'af1d74362b935eb0ac845b7e4f7f707f', 6, 3, 8, 4),
(3113, '帅帅猴', 100, 100, 6, 4, 0, 0, 1, 0, 0, 0, 0, 0, 0, 0, '6b7b2713b1a52397c7282509906e8c5e', 5, 7, 4, 0),
(3114, '花花蛇', 100, 100, 6, 4, 0, 0, 1, 0, 0, 0, 0, 0, 0, 0, 'af1d74362b935eb0ac845b7e4f7f707f', 4, 4, 6, 0),
(3115, '笨笨牛', 100, 100, 6, 4, 0, 0, 1, 0, 0, 0, 0, 0, 0, 0, 'af1d74362b935eb0ac845b7e4f7f707f', 4, 7, 8, 1),
(3116, '乖乖狗', 100, 100, 6, 4, 0, 0, 1, 0, 0, 0, 0, 0, 0, 0, 'af1d74362b935eb0ac845b7e4f7f707f', 8, 3, 3, 0),
(3117, '乖乖狗', 100, 100, 6, 4, 0, 0, 1, 0, 0, 0, 0, 0, 0, 0, '6b7b2713b1a52397c7282509906e8c5e', 6, 6, 3, 0),
(3118, '跳跳兔', 100, 100, 6, 4, 0, 0, 1, 0, 0, 0, 0, 0, 0, 0, 'af1d74362b935eb0ac845b7e4f7f707f', 4, 4, 6, 2),
(3119, '跳跳兔', 100, 100, 6, 4, 0, 0, 1, 0, 0, 0, 0, 0, 0, 0, '6b7b2713b1a52397c7282509906e8c5e', 7, 6, 3, 1),
(3120, '招财猪', 100, 100, 6, 4, 0, 0, 1, 0, 0, 0, 0, 0, 0, 0, 'af1d74362b935eb0ac845b7e4f7f707f', 7, 6, 7, 0),
(3121, '威威虎', 100, 100, 6, 4, 0, 0, 1, 0, 0, 0, 0, 0, 0, 0, 'af1d74362b935eb0ac845b7e4f7f707f', 3, 8, 3, 4),
(3122, '伶俐鼠', 100, 100, 6, 4, 0, 0, 1, 0, 0, 0, 0, 0, 0, 0, '6b7b2713b1a52397c7282509906e8c5e', 3, 5, 6, 0),
(3123, '酷酷龙', 100, 100, 6, 4, 0, 0, 1, 0, 0, 0, 0, 0, 0, 0, 'af1d74362b935eb0ac845b7e4f7f707f', 7, 8, 4, 1),
(3124, '溜溜马', 100, 100, 6, 4, 0, 0, 1, 0, 0, 0, 0, 0, 0, 0, 'af1d74362b935eb0ac845b7e4f7f707f', 5, 6, 6, 1),
(3125, '跳跳兔', 100, 100, 6, 4, 0, 0, 1, 0, 0, 0, 0, 0, 0, 0, '6b7b2713b1a52397c7282509906e8c5e', 8, 5, 5, 0),
(3126, '笨笨牛', 100, 100, 6, 4, 0, 0, 1, 0, 0, 0, 0, 0, 0, 0, 'af1d74362b935eb0ac845b7e4f7f707f', 8, 5, 5, 1),
(3127, '跳跳兔', 100, 100, 6, 4, 0, 0, 1, 0, 0, 0, 0, 0, 0, 0, 'af1d74362b935eb0ac845b7e4f7f707f', 8, 6, 6, 1),
(3128, '伶俐鼠', 100, 100, 6, 4, 0, 0, 1, 0, 0, 0, 0, 0, 0, 0, 'af1d74362b935eb0ac845b7e4f7f707f', 7, 5, 7, 1),
(3129, '花花蛇', 100, 100, 6, 4, 0, 0, 1, 0, 0, 0, 0, 0, 0, 0, 'af1d74362b935eb0ac845b7e4f7f707f', 8, 5, 5, 4),
(3130, '乖乖狗', 100, 100, 6, 4, 0, 0, 1, 0, 0, 0, 0, 0, 0, 0, '6b7b2713b1a52397c7282509906e8c5e', 5, 8, 3, 3),
(3131, '招财猪', 100, 100, 6, 4, 0, 0, 1, 0, 0, 0, 0, 0, 0, 0, 'af1d74362b935eb0ac845b7e4f7f707f', 5, 8, 8, 0),
(3132, '招财猪', 100, 100, 6, 4, 0, 0, 1, 0, 0, 0, 0, 0, 0, 0, '6b7b2713b1a52397c7282509906e8c5e', 7, 4, 7, 2),
(3133, '花花蛇', 100, 100, 6, 4, 0, 0, 1, 0, 0, 0, 0, 0, 0, 0, 'af1d74362b935eb0ac845b7e4f7f707f', 5, 4, 4, 1),
(3134, '乖乖狗', 100, 100, 6, 4, 0, 0, 1, 0, 0, 0, 0, 0, 0, 0, 'af1d74362b935eb0ac845b7e4f7f707f', 4, 3, 6, 4),
(3135, '酷酷龙', 100, 100, 6, 4, 0, 0, 1, 0, 0, 0, 0, 0, 0, 0, '6b7b2713b1a52397c7282509906e8c5e', 3, 6, 4, 1),
(3136, '花花蛇', 100, 100, 6, 4, 0, 0, 1, 0, 0, 0, 0, 0, 0, 0, 'af1d74362b935eb0ac845b7e4f7f707f', 5, 7, 6, 0),
(3137, '乖乖狗', 100, 100, 6, 4, 0, 0, 1, 0, 0, 0, 0, 0, 0, 0, 'af1d74362b935eb0ac845b7e4f7f707f', 8, 3, 3, 0),
(3138, '帅帅猴', 100, 100, 6, 4, 0, 0, 1, 0, 0, 0, 0, 0, 0, 0, '6b7b2713b1a52397c7282509906e8c5e', 6, 7, 3, 0),
(3139, '招财猪', 100, 100, 6, 4, 0, 0, 1, 0, 0, 0, 0, 0, 0, 0, 'af1d74362b935eb0ac845b7e4f7f707f', 7, 5, 4, 1),
(3140, '咩咩羊', 100, 100, 6, 4, 0, 0, 1, 0, 0, 0, 0, 0, 0, 0, 'af1d74362b935eb0ac845b7e4f7f707f', 8, 4, 3, 1),
(3141, '帅帅猴', 100, 100, 6, 4, 0, 0, 1, 0, 0, 0, 0, 0, 0, 0, '6b7b2713b1a52397c7282509906e8c5e', 3, 6, 7, 1),
(3142, '咩咩羊', 100, 100, 6, 4, 0, 0, 1, 0, 0, 0, 0, 0, 0, 0, 'af1d74362b935eb0ac845b7e4f7f707f', 8, 4, 4, 0),
(3143, '伶俐鼠', 100, 100, 6, 4, 0, 0, 1, 0, 0, 0, 0, 0, 0, 0, 'af1d74362b935eb0ac845b7e4f7f707f', 4, 4, 4, 0),
(3144, '招财猪', 100, 100, 6, 4, 0, 0, 1, 0, 0, 0, 0, 0, 0, 0, '6b7b2713b1a52397c7282509906e8c5e', 3, 4, 4, 0),
(3145, '跳跳兔', 100, 100, 6, 4, 0, 0, 1, 0, 0, 0, 0, 0, 0, 0, 'af1d74362b935eb0ac845b7e4f7f707f', 8, 6, 8, 1),
(3146, '乖乖狗', 100, 100, 6, 4, 0, 0, 1, 0, 0, 0, 0, 0, 0, 0, '6b7b2713b1a52397c7282509906e8c5e', 3, 7, 4, 3),
(3147, '招财猪', 100, 100, 6, 4, 0, 0, 1, 0, 0, 0, 0, 0, 0, 0, 'af1d74362b935eb0ac845b7e4f7f707f', 5, 7, 8, 1),
(3148, '跳跳兔', 100, 100, 6, 4, 0, 0, 1, 0, 0, 0, 0, 0, 0, 0, '6b7b2713b1a52397c7282509906e8c5e', 8, 7, 6, 3),
(3149, '伶俐鼠', 100, 100, 6, 4, 0, 0, 1, 0, 0, 0, 0, 0, 0, 0, 'af1d74362b935eb0ac845b7e4f7f707f', 7, 5, 5, 0),
(3150, '伶俐鼠', 100, 100, 6, 4, 0, 0, 1, 0, 0, 0, 0, 0, 0, 0, 'af1d74362b935eb0ac845b7e4f7f707f', 8, 7, 7, 0),
(3151, '招财猪', 100, 100, 6, 4, 0, 0, 1, 0, 0, 0, 0, 0, 0, 0, '6b7b2713b1a52397c7282509906e8c5e', 5, 6, 7, 0),
(3152, '乖乖狗', 100, 100, 6, 4, 0, 0, 1, 0, 0, 0, 0, 0, 0, 0, 'af1d74362b935eb0ac845b7e4f7f707f', 8, 6, 3, 2),
(3153, '招财猪', 100, 100, 6, 4, 0, 0, 1, 0, 0, 0, 0, 0, 0, 0, 'af1d74362b935eb0ac845b7e4f7f707f', 6, 6, 4, 1),
(3154, '招财猪', 100, 100, 6, 4, 0, 0, 1, 0, 0, 0, 0, 0, 0, 0, '6b7b2713b1a52397c7282509906e8c5e', 7, 5, 4, 1),
(3155, '花花蛇', 100, 100, 6, 4, 0, 0, 1, 0, 0, 0, 0, 0, 0, 0, 'af1d74362b935eb0ac845b7e4f7f707f', 5, 7, 5, 1),
(3156, '笨笨牛', 100, 100, 6, 4, 0, 0, 1, 0, 0, 0, 0, 0, 0, 0, '6b7b2713b1a52397c7282509906e8c5e', 3, 4, 3, 0),
(3157, '跳跳兔', 100, 100, 6, 4, 0, 0, 1, 0, 0, 0, 0, 0, 0, 0, 'af1d74362b935eb0ac845b7e4f7f707f', 4, 6, 4, 4),
(3158, '溜溜马', 100, 100, 6, 4, 0, 0, 1, 0, 0, 0, 0, 0, 0, 0, 'af1d74362b935eb0ac845b7e4f7f707f', 4, 4, 8, 4),
(3159, '咩咩羊', 100, 100, 6, 4, 0, 0, 1, 0, 0, 0, 0, 0, 0, 0, '6b7b2713b1a52397c7282509906e8c5e', 5, 3, 6, 0),
(3160, '花花蛇', 100, 100, 6, 4, 0, 0, 1, 0, 0, 0, 0, 0, 0, 0, 'af1d74362b935eb0ac845b7e4f7f707f', 8, 3, 8, 0),
(3161, '酷酷龙', 100, 100, 6, 4, 0, 0, 1, 0, 0, 0, 0, 0, 0, 0, '6b7b2713b1a52397c7282509906e8c5e', 3, 7, 8, 1),
(3162, '笨笨牛', 100, 100, 6, 4, 0, 0, 1, 0, 0, 0, 0, 0, 0, 0, 'af1d74362b935eb0ac845b7e4f7f707f', 6, 5, 7, 1),
(3163, '威威虎', 100, 100, 6, 4, 0, 0, 1, 0, 0, 0, 0, 0, 0, 0, 'af1d74362b935eb0ac845b7e4f7f707f', 8, 4, 3, 0),
(3164, '伶俐鼠', 100, 100, 6, 4, 0, 0, 1, 0, 0, 0, 0, 0, 0, 0, '6b7b2713b1a52397c7282509906e8c5e', 3, 6, 3, 0),
(3165, '跳跳兔', 100, 100, 6, 4, 0, 0, 1, 0, 0, 0, 0, 0, 0, 0, 'af1d74362b935eb0ac845b7e4f7f707f', 7, 6, 6, 0),
(3166, '笨笨牛', 100, 100, 6, 4, 0, 0, 1, 0, 0, 0, 0, 0, 0, 0, 'af1d74362b935eb0ac845b7e4f7f707f', 4, 3, 7, 0),
(3167, '招财猪', 100, 100, 6, 4, 0, 0, 1, 0, 0, 0, 0, 0, 0, 0, '6b7b2713b1a52397c7282509906e8c5e', 8, 5, 8, 0),
(3168, '伶俐鼠', 100, 100, 6, 4, 0, 0, 1, 0, 0, 0, 0, 0, 0, 0, 'af1d74362b935eb0ac845b7e4f7f707f', 3, 4, 8, 1),
(3169, '咩咩羊', 100, 100, 6, 4, 0, 0, 1, 0, 0, 0, 0, 0, 0, 0, '6b7b2713b1a52397c7282509906e8c5e', 3, 3, 4, 1),
(3170, '帅帅猴', 100, 100, 6, 4, 0, 0, 1, 0, 0, 0, 0, 0, 0, 0, 'af1d74362b935eb0ac845b7e4f7f707f', 3, 7, 4, 1),
(3171, '咩咩羊', 100, 100, 6, 4, 0, 0, 1, 0, 0, 0, 0, 0, 0, 0, 'af1d74362b935eb0ac845b7e4f7f707f', 8, 4, 7, 1),
(3172, '咩咩羊', 100, 100, 6, 4, 0, 0, 1, 0, 0, 0, 0, 0, 0, 0, 'af1d74362b935eb0ac845b7e4f7f707f', 5, 8, 3, 2),
(3173, '咩咩羊', 100, 100, 6, 4, 0, 0, 1, 0, 0, 0, 0, 0, 0, 0, 'af1d74362b935eb0ac845b7e4f7f707f', 3, 5, 6, 0),
(3174, '帅帅猴', 100, 100, 6, 4, 0, 0, 1, 0, 0, 0, 0, 0, 0, 0, 'af1d74362b935eb0ac845b7e4f7f707f', 4, 3, 5, 0),
(3175, '笨笨牛', 100, 100, 6, 4, 0, 0, 1, 0, 0, 0, 0, 0, 0, 0, 'af1d74362b935eb0ac845b7e4f7f707f', 4, 8, 7, 0),
(3176, '咩咩羊', 100, 100, 6, 4, 0, 0, 1, 0, 0, 0, 0, 0, 0, 0, 'af1d74362b935eb0ac845b7e4f7f707f', 8, 5, 8, 0),
(3177, '招财猪', 100, 100, 6, 4, 0, 0, 1, 0, 0, 0, 0, 0, 0, 0, 'af1d74362b935eb0ac845b7e4f7f707f', 7, 3, 3, 2),
(3178, '花花蛇', 100, 100, 6, 4, 0, 0, 1, 0, 0, 0, 0, 0, 0, 0, 'af1d74362b935eb0ac845b7e4f7f707f', 8, 4, 3, 1),
(3179, '招财猪', 100, 100, 6, 4, 0, 0, 1, 0, 0, 0, 0, 0, 0, 0, 'af1d74362b935eb0ac845b7e4f7f707f', 8, 6, 8, 3),
(3180, '帅帅猴', 100, 100, 6, 4, 0, 0, 1, 0, 0, 0, 0, 0, 0, 0, '6b7b2713b1a52397c7282509906e8c5e', 3, 6, 7, 1),
(3181, '帅帅猴', 100, 100, 6, 4, 0, 0, 1, 0, 0, 0, 0, 0, 0, 0, '6b7b2713b1a52397c7282509906e8c5e', 7, 7, 4, 1),
(3182, '酷酷龙', 100, 100, 6, 4, 0, 0, 1, 0, 0, 0, 0, 0, 0, 0, '6b7b2713b1a52397c7282509906e8c5e', 3, 8, 3, 0),
(3183, '帅帅猴', 100, 100, 6, 4, 0, 0, 1, 0, 0, 0, 0, 0, 0, 0, '6b7b2713b1a52397c7282509906e8c5e', 8, 5, 6, 0),
(3360, '溜溜马', 1024, 1040, 238, 352, 0, 0, 21, 6232, 0, 0, 0, 0, 0, 0, '36f30db66d6fe42f34a91d15b6097af0', 25, 5, 8, 5),
(3539, '笨笨牛', 92, 100, 6, 4, 0, 0, 1, 5, 0, 0, 0, 0, 0, 0, '12b77bc3aa3cdf5b2283684271bc916c', 18, 4, 4, 1),
(3561, '蛋蛋鸡', 100, 100, 6, 4, 0, 0, 1, 0, 0, 0, 0, 0, 0, 0, '9b705d4e6713ac17822161af76f7c44f', 9, 2, 6, 0),
(3558, '咩咩羊', 100, 100, 6, 4, 0, 0, 1, 0, 0, 0, 0, 0, 0, 0, 'b88aee7cafd66550817be8a5ea6e0aaf', 14, 3, 7, 0),
(3189, '笨笨牛', 100, 100, 6, 4, 0, 0, 1, 0, 0, 0, 0, 0, 0, 0, '6b7b2713b1a52397c7282509906e8c5e', 19, 3, 3, 0),
(3190, '花花蛇', 100, 100, 6, 4, 0, 0, 1, 0, 0, 0, 0, 0, 0, 0, '6b7b2713b1a52397c7282509906e8c5e', 19, 4, 6, 0),
(3191, '花花蛇', 100, 100, 6, 4, 0, 0, 1, 0, 0, 0, 0, 0, 0, 0, '1fd446658a64b6b831a10b3136351e6d', 25, 5, 8, 0),
(3192, '威威虎', 100, 100, 6, 4, 0, 0, 1, 0, 0, 0, 0, 0, 0, 0, '1fd446658a64b6b831a10b3136351e6d', 22, 4, 4, 0),
(3193, '溜溜马', 100, 100, 6, 4, 0, 0, 1, 0, 0, 0, 0, 0, 0, 0, '300a6f8086e83390efd5dbe046289410', 12, 4, 8, 1),
(3194, '笨笨牛', 100, 100, 6, 4, 0, 0, 1, 0, 0, 0, 0, 0, 0, 0, '300a6f8086e83390efd5dbe046289410', 18, 3, 8, 0),
(3538, '伶俐鼠', 203, 212, 18, 28, 0, 0, 5, 489, 0, 0, 0, 0, 0, 0, 'bb2a45b7652a7900e7810128a329597e', 25, 3, 5, 1),
(3540, '帅帅猴', 88, 100, 6, 4, 0, 0, 1, 17, 0, 0, 0, 0, 0, 0, '12b77bc3aa3cdf5b2283684271bc916c', 25, 4, 7, 1),
(3197, '招财猪', 717, 721, 75, 234, 0, 0, 24, 18148, 0, 0, 0, 0, 0, 0, '43e4c5c6dda6740216e3bd54ff200c15', 21, 2, 8, 3),
(3499, '溜溜马', 92, 100, 6, 4, 0, 0, 1, 59, 0, 0, 0, 0, 0, 0, 'aa0b823f483b02cc5a7516cab09c4f92', 17, 3, 7, 1),
(3500, '威威虎', 123, 125, 8, 11, 0, 0, 2, 299, 0, 0, 0, 0, 0, 0, 'aa0b823f483b02cc5a7516cab09c4f92', 21, 2, 6, 2),
(3501, '花花蛇', 559, 580, 96, 154, 0, 0, 31, 56011, 0, 0, 0, 0, 0, 0, 'f58bb53a4bdd39d6d70b706d77fbc74f', 12, 2, 4, 3),
(3502, '招财猪', 254, 254, 50, 114, 0, 0, 12, 1561, 0, 0, 0, 0, 0, 0, 'f58bb53a4bdd39d6d70b706d77fbc74f', 12, 3, 8, 2),
(3503, '帅帅猴', -9, 175, 15, 19, 0, 0, 4, 81, 0, 0, 0, 0, 0, 0, '1b10aad87b70a90c7514b3aa2feb52d1', 25, 3, 5, 0),
(3508, '招财猪', 100, 100, 6, 4, 0, 0, 1, 0, 0, 0, 0, 0, 0, 0, 'a15c17bb9370c276b121a0da1755395a', 16, 4, 8, 0),
(3205, '花花蛇', 100, 100, 6, 4, 0, 0, 1, 0, 0, 0, 0, 0, 0, 0, '630c9b2c30289031e4fc53da8537cd52', 22, 2, 8, 0),
(3206, '酷酷龙', 100, 100, 6, 4, 0, 0, 1, 0, 0, 0, 0, 0, 0, 0, '630c9b2c30289031e4fc53da8537cd52', 14, 5, 5, 0),
(3207, '招财猪', 0, 144, 10, 16, 0, 0, 3, 379, 0, 0, 0, 0, 0, 0, 'b4dd3b4ff25c3cdd67b858d5fed146fa', 18, 2, 5, 2),
(3209, '酷酷龙', 563, 596, 161, 252, 0, 0, 32, 52120, 0, 0, 0, 0, 0, 0, '099f465c0c34dd5ef59f230a21447af4', 13, 4, 7, 2),
(3210, '花花蛇', 110, 113, 9, 10, 0, 0, 2, 44, 0, 0, 0, 0, 0, 0, 'a80e37407282b5feae841dd75b4dc7b7', 12, 3, 5, 1),
(3211, '咩咩羊', 91, 100, 6, 4, 0, 0, 1, 28, 0, 0, 0, 0, 0, 0, 'ea5ea2d157d97045153a82e5a342ec8b', 13, 3, 4, 0),
(3212, '威威虎', 100, 100, 6, 4, 0, 0, 1, 0, 0, 0, 0, 0, 0, 0, '61554becfc0543903e57c631693bf358', 16, 2, 7, 3),
(3213, '跳跳兔', 100, 100, 6, 4, 0, 0, 1, 0, 0, 0, 0, 0, 0, 0, '61554becfc0543903e57c631693bf358', 12, 4, 3, 0),
(3214, '蛋蛋鸡', 100, 100, 6, 4, 0, 0, 1, 0, 0, 0, 0, 0, 0, 0, 'be109289bb94f9bfa3bf306b453f92df', 19, 2, 5, 1),
(3215, '咩咩羊', 100, 100, 6, 4, 0, 0, 1, 0, 0, 0, 0, 0, 0, 0, 'be109289bb94f9bfa3bf306b453f92df', 16, 5, 8, 0),
(3559, '威威虎', 100, 100, 6, 4, 0, 0, 1, 0, 0, 0, 0, 0, 0, 0, 'b88aee7cafd66550817be8a5ea6e0aaf', 15, 2, 6, 0),
(3510, '花花蛇', 100, 100, 6, 4, 0, 0, 1, 0, 0, 0, 0, 0, 0, 0, 'b692052b65088cc5c7f4f8438c55c5f9', 14, 2, 3, 1),
(3505, '威威虎', 100, 100, 6, 4, 0, 0, 1, 0, 0, 0, 0, 0, 0, 0, 'efdb10cc8c0441b8c1d53076baed3273', 10, 2, 6, 1),
(3506, '咩咩羊', 100, 100, 6, 4, 0, 0, 1, 0, 0, 0, 0, 0, 0, 0, 'efdb10cc8c0441b8c1d53076baed3273', 11, 2, 4, 1),
(3507, '威威虎', 100, 100, 6, 4, 0, 0, 1, 0, 0, 0, 0, 0, 0, 0, 'a15c17bb9370c276b121a0da1755395a', 13, 3, 4, 1),
(3497, '蛋蛋鸡', -352, 228, 18, 28, 0, 0, 5, 106, 0, 0, 0, 0, 0, 0, '03a4c698ec11e112036183c308cfb94c', 21, 2, 4, 5),
(3244, '跳跳兔', 389, 550, 78, 166, 0, 0, 19, 11034, 0, 0, 0, 0, 0, 0, '6d07cdb650fc1fca94c0dd51a8ed971e', 23, 4, 8, 1),
(3509, '酷酷龙', 100, 100, 6, 4, 0, 0, 1, 0, 0, 0, 0, 0, 0, 0, 'b692052b65088cc5c7f4f8438c55c5f9', 14, 5, 8, 0),
(3261, '蛋蛋鸡', 1831, 1834, 363, 565, 0, 0, 52, 167861, 0, 0, 0, 0, 0, 0, '9bb5f086e2f1efdbc8215e55f8a4a30f', 24, 5, 8, 4),
(3225, '跳跳兔', 1074, 1156, 237, 367, 0, 0, 34, 64797, 0, 0, 0, 0, 0, 0, '099f465c0c34dd5ef59f230a21447af4', 23, 5, 8, 4),
(3556, '花花蛇', 100, 100, 6, 4, 0, 0, 1, 0, 0, 0, 0, 0, 0, 0, '6bf9af1dfe41b201dbd87d7c45d9ea29', 25, 3, 5, 2),
(3555, '帅帅猴', -4, 140, 16, 14, 0, 0, 3, 223, 0, 0, 0, 0, 0, 0, 'ad8f4d8e577f50deae4492bd03c96b56', 20, 5, 5, 0),
(3557, '酷酷龙', 100, 100, 6, 4, 0, 0, 1, 0, 0, 0, 0, 0, 0, 0, '6bf9af1dfe41b201dbd87d7c45d9ea29', 16, 3, 3, 1),
(3551, '笨笨牛', 112, 220, 66, 94, 0, 0, 11, 1618, 0, 0, 0, 0, 0, 0, 'eb61a0b08b9bfdfda961d64410eba5bc', 11, 5, 8, 1),
(3552, '花花蛇', 100, 100, 6, 4, 0, 0, 1, 0, 0, 0, 0, 0, 0, 0, '127260b5602737d7ca8a56f3ff47cfde', 9, 3, 3, 0),
(3553, '伶俐鼠', 153, 156, 14, 18, 0, 0, 3, 263, 0, 0, 0, 0, 0, 0, '127260b5602737d7ca8a56f3ff47cfde', 20, 3, 5, 4),
(3549, '招财猪', 190, 190, 36, 22, 0, 0, 7, 1161, 0, 0, 0, 0, 0, 0, '781a121e409741ff53f5978578067146', 15, 5, 3, 0),
(3550, '跳跳兔', 64, 142, 16, 18, 0, 0, 3, 336, 0, 0, 0, 0, 0, 0, 'eb61a0b08b9bfdfda961d64410eba5bc', 21, 5, 7, 0),
(3234, '乖乖狗', 100, 100, 6, 4, 0, 0, 1, 0, 0, 0, 0, 0, 0, 0, '099f465c0c34dd5ef59f230a21447af4', 20, 2, 6, 4),
(3560, '咩咩羊', 100, 100, 6, 4, 0, 0, 1, 0, 0, 0, 0, 0, 0, 0, '9b705d4e6713ac17822161af76f7c44f', 15, 4, 3, 3),
(3563, '花花蛇', 100, 100, 6, 4, 0, 0, 1, 0, 0, 0, 0, 0, 0, 0, 'c8268cce88c9be2636fd0c06e03bee40', 11, 5, 5, 1),
(3564, '咩咩羊', 100, 100, 6, 4, 0, 0, 1, 0, 0, 0, 0, 0, 0, 0, '24cd04c703340be524c7c20721f692bc', 13, 2, 5, 2),
(3565, '溜溜马', 100, 100, 6, 4, 0, 0, 1, 0, 0, 0, 0, 0, 0, 0, '24cd04c703340be524c7c20721f692bc', 25, 3, 4, 0),
(3566, '笨笨牛', -5, 122, 11, 7, 0, 0, 2, 19, 0, 0, 0, 0, 0, 0, 'c9879e4c3738297c06b0b14d78dc39d6', 22, 5, 3, 0),
(3567, '花花蛇', 100, 100, 6, 4, 0, 0, 1, 0, 0, 0, 0, 0, 0, 0, 'c9879e4c3738297c06b0b14d78dc39d6', 12, 4, 8, 0),
(3568, '酷酷龙', -8, 200, 21, 19, 0, 0, 6, 338, 0, 0, 0, 0, 0, 0, 'ce13ba86e509d2fab5ed13c2cddf00c9', 20, 3, 3, 0),
(3569, '酷酷龙', 100, 100, 6, 4, 0, 0, 1, 0, 0, 0, 0, 0, 0, 0, '06569f4ff7f633af6e060480a0431526', 17, 5, 7, 0),
(3572, '乖乖狗', 100, 100, 6, 4, 0, 0, 1, 0, 0, 0, 0, 0, 0, 0, 'aa588ffcf27da87551c01d7c88b24829', 12, 4, 6, 2),
(3573, '乖乖狗', -5, 100, 6, 4, 0, 0, 1, 96, 0, 0, 0, 0, 0, 0, 'aa588ffcf27da87551c01d7c88b24829', 9, 2, 7, 0),
(3574, '伶俐鼠', 94, 100, 6, 4, 0, 0, 1, 35, 0, 0, 0, 0, 0, 0, 'a71dfe5ae44c6f0d4c4be100a2e85748', 9, 2, 8, 1),
(3575, '花花蛇', -50, 256, 30, 28, 0, 0, 7, 615, 0, 0, 0, 0, 0, 0, 'a71dfe5ae44c6f0d4c4be100a2e85748', 22, 3, 3, 2),
(3576, '花花蛇', 100, 100, 6, 4, 0, 0, 1, 0, 0, 0, 0, 0, 0, 0, '09fa9b0b46ac94b442588c98b6bed537', 9, 2, 5, 2),
(3577, '酷酷龙', 100, 100, 6, 4, 0, 0, 1, 0, 0, 0, 0, 0, 0, 0, '09fa9b0b46ac94b442588c98b6bed537', 25, 2, 8, 1),
(3578, '咩咩羊', 116, 118, 12, 13, 0, 0, 2, 164, 0, 0, 0, 0, 0, 0, '2007608a6942d33ec38e7c3d870fa674', 16, 5, 8, 1),
(3579, '咩咩羊', 100, 100, 6, 4, 0, 0, 1, 0, 0, 0, 0, 0, 0, 0, '2007608a6942d33ec38e7c3d870fa674', 20, 4, 3, 0),
(3580, '乖乖狗', 115, 115, 8, 12, 0, 0, 2, 7, 0, 0, 0, 0, 0, 0, 'cc5cfc9a3fac118adae1bfb7f6dc6c3a', 15, 2, 8, 0),
(3581, '威威虎', -2, 202, 30, 28, 0, 0, 7, 1265, 0, 0, 0, 0, 0, 0, 'dd58b4170ec8d6d20f876405b4b1265d', 12, 3, 3, 4),
(3583, '蛋蛋鸡', 79, 123, 11, 9, 0, 0, 2, 171, 0, 0, 0, 0, 0, 0, 'e777555550491c15e506da8cafb60086', 18, 4, 4, 3),
(3584, '蛋蛋鸡', 100, 100, 6, 4, 0, 0, 1, 0, 0, 0, 0, 0, 0, 0, 'e777555550491c15e506da8cafb60086', 20, 4, 8, 1),
(3585, '溜溜马', -28, 117, 10, 13, 0, 0, 2, 159, 0, 0, 0, 0, 0, 0, '7159624dfdba178c848da03a6ffefec9', 15, 4, 8, 1),
(3586, '招财猪', 100, 100, 6, 4, 0, 0, 1, 0, 0, 0, 0, 0, 0, 0, '7159624dfdba178c848da03a6ffefec9', 24, 5, 4, 0),
(3587, '咩咩羊', 100, 100, 6, 4, 0, 0, 1, 0, 0, 0, 0, 0, 0, 0, '3c9d1d6c8f225e9e4139cccd830fdd00', 13, 4, 5, 0),
(3588, '酷酷龙', 100, 100, 6, 4, 0, 0, 1, 0, 0, 0, 0, 0, 0, 0, '9f98bca6ec1fa9e5b63f70012148b511', 21, 4, 4, 0),
(3589, '招财猪', 100, 100, 6, 4, 0, 0, 1, 0, 0, 0, 0, 0, 0, 0, '9f98bca6ec1fa9e5b63f70012148b511', 24, 2, 5, 1),
(3590, '咩咩羊', 100, 100, 6, 4, 0, 0, 1, 0, 0, 0, 0, 0, 0, 0, 'f76c11b6601d3a6ce505c616b64ed478', 9, 5, 7, 1),
(3591, '跳跳兔', 100, 100, 6, 4, 0, 0, 1, 0, 0, 0, 0, 0, 0, 0, 'e14b6e0d27bea46402a112c75c170887', 10, 4, 7, 1),
(3592, '帅帅猴', 100, 100, 6, 4, 0, 0, 1, 0, 0, 0, 0, 0, 0, 0, '3bfa14243cba16bb92e090b54cc5d544', 13, 5, 7, 0);

-- --------------------------------------------------------

--
-- 表的结构 `playerdaoju`
--

CREATE TABLE IF NOT EXISTS `playerdaoju` (
  `djname` varchar(255) NOT NULL,
  `djzl` int(255) NOT NULL,
  `djinfo` varchar(255) NOT NULL,
  `uid` int(11) NOT NULL,
  `sid` text NOT NULL,
  `djsum` int(11) NOT NULL,
  `djid` int(11) NOT NULL
) ENGINE=MyISAM AUTO_INCREMENT=467 DEFAULT CHARSET=utf8;

--
-- 转存表中的数据 `playerdaoju`
--

INSERT INTO `playerdaoju` (`djname`, `djzl`, `djinfo`, `uid`, `sid`, `djsum`, `djid`) VALUES
('硬翅蜂蜜', 452, '硬翅蜂的蜂蜜', 425, '42352a5bb2acc1e76e8a2fa10ba7673b', 2, 8),
('强化石', 2, '强化装备用的道具', 424, 'f76c11b6601d3a6ce505c616b64ed478', 7, 1),
('硬翅蜂蜜', 453, '硬翅蜂的蜂蜜', 424, 'f76c11b6601d3a6ce505c616b64ed478', 4, 8),
('符箓残页-初级灵', 454, '兑换符箓用的', 424, 'f76c11b6601d3a6ce505c616b64ed478', 0, 6),
('符箓残页-初级魔', 455, '兑换符箓', 424, 'f76c11b6601d3a6ce505c616b64ed478', 8, 7),
('硬翅蜂蜜', 456, '硬翅蜂的蜂蜜', 426, '0ed4ce0a982475dad32cea331e8e50d7', 5, 8),
('符箓残页-初级灵', 457, '兑换符箓用的', 426, '0ed4ce0a982475dad32cea331e8e50d7', 100, 6),
('符箓残页-初级魔', 458, '兑换符箓', 426, '0ed4ce0a982475dad32cea331e8e50d7', 100, 7),
('硬翅蜂蜜', 459, '硬翅蜂的蜂蜜', 431, '3bfa14243cba16bb92e090b54cc5d544', 0, 8),
('符箓残页-初级灵', 460, '兑换符箓用的', 431, '3bfa14243cba16bb92e090b54cc5d544', 98, 6),
('符箓残页-初级魔', 461, '兑换符箓', 431, '3bfa14243cba16bb92e090b54cc5d544', 100, 7),
('硬翅蜂蜜', 462, '硬翅蜂的蜂蜜', 434, 'e14b6e0d27bea46402a112c75c170887', 11, 8),
('符箓残页-初级灵', 463, '兑换符箓用的', 434, 'e14b6e0d27bea46402a112c75c170887', 95, 6),
('符箓残页-初级魔', 464, '兑换符箓', 434, 'e14b6e0d27bea46402a112c75c170887', 100, 7),
('符箓残页-初级灵', 465, '兑换符箓用的', 422, '3c9d1d6c8f225e9e4139cccd830fdd00', 100, 6),
('符箓残页-初级魔', 466, '兑换符箓', 422, '3c9d1d6c8f225e9e4139cccd830fdd00', 100, 7);

-- --------------------------------------------------------

--
-- 表的结构 `playerjineng`
--

CREATE TABLE IF NOT EXISTS `playerjineng` (
  `jnname` varchar(255) NOT NULL,
  `jnid` int(11) NOT NULL,
  `jngj` int(11) NOT NULL,
  `jnfy` int(11) NOT NULL,
  `jnbj` int(11) NOT NULL,
  `jnxx` int(11) NOT NULL,
  `sid` text NOT NULL,
  `jncount` int(11) NOT NULL
) ENGINE=MyISAM DEFAULT CHARSET=utf8;

--
-- 转存表中的数据 `playerjineng`
--

INSERT INTO `playerjineng` (`jnname`, `jnid`, `jngj`, `jnfy`, `jnbj`, `jnxx`, `sid`, `jncount`) VALUES
('聚灵斩', 4, 10, 0, 0, 2, '43e4c5c6dda6740216e3bd54ff200c15', 7),
('牛B的技能', 5, 0, 0, 100, 100, '43e4c5c6dda6740216e3bd54ff200c15', 3),
('牛B的技能', 5, 0, 0, 100, 100, 'af1d74362b935eb0ac845b7e4f7f707f', 1),
('聚灵斩', 4, 10, 0, 0, 2, '099f465c0c34dd5ef59f230a21447af4', 8),
('聚灵斩', 4, 10, 0, 0, 2, '9bb5f086e2f1efdbc8215e55f8a4a30f', 0),
('聚灵斩', 4, 10, 0, 0, 2, '6d07cdb650fc1fca94c0dd51a8ed971e', 32),
('魔心爆发', 5, 5, 0, 10, 10, '6d07cdb650fc1fca94c0dd51a8ed971e', 0),
('蛮力附体', 6, 7, 7, 7, 7, '6d07cdb650fc1fca94c0dd51a8ed971e', 0),
('聚灵斩', 4, 10, 0, 0, 2, '36f30db66d6fe42f34a91d15b6097af0', 0),
('蛮力附体', 6, 7, 7, 7, 7, '43e4c5c6dda6740216e3bd54ff200c15', 1),
('魔心爆发', 5, 5, 0, 10, 10, '9bb5f086e2f1efdbc8215e55f8a4a30f', 0),
('蛮力附体', 6, 7, 7, 7, 7, '9bb5f086e2f1efdbc8215e55f8a4a30f', 0),
('怒血爆', 7, 12, 2, 20, 12, '9bb5f086e2f1efdbc8215e55f8a4a30f', 0),
('怒血爆', 7, 12, 2, 20, 12, '36f30db66d6fe42f34a91d15b6097af0', 0),
('蛮力附体', 6, 7, 7, 7, 7, '36f30db66d6fe42f34a91d15b6097af0', 9),
('怒血爆', 7, 12, 2, 20, 8, '43e4c5c6dda6740216e3bd54ff200c15', 0),
('聚灵斩', 4, 10, 0, 0, 2, 'f58bb53a4bdd39d6d70b706d77fbc74f', 0),
('蛮力附体', 6, 7, 7, 7, 7, 'f58bb53a4bdd39d6d70b706d77fbc74f', 0),
('聚灵斩', 4, 10, 0, 0, 2, 'c4339dfb63d53dbe95ff3f1297cd889d', 5),
('怒血爆', 7, 12, 2, 20, 8, '6d07cdb650fc1fca94c0dd51a8ed971e', 0),
('怒血爆', 7, 12, 2, 20, 8, 'f58bb53a4bdd39d6d70b706d77fbc74f', 0),
('聚灵斩', 4, 10, 0, 0, 2, '592857bc812f813ed52fa8b187582fc2', 0),
('魔心爆发', 5, 5, 0, 10, 10, '592857bc812f813ed52fa8b187582fc2', 3),
('聚灵斩', 4, 10, 0, 0, 2, '781a121e409741ff53f5978578067146', 20),
('聚灵斩', 4, 10, 0, 0, 2, '775c0ff651b405a676fc9ee1729302f4', 20),
('蛮力附体', 6, 7, 7, 7, 7, '6b7b2713b1a52397c7282509906e8c5e', 1),
('聚灵斩', 4, 10, 0, 0, 2, 'c9879e4c3738297c06b0b14d78dc39d6', 15),
('魔心爆发', 5, 5, 0, 10, 10, 'c9879e4c3738297c06b0b14d78dc39d6', 25),
('魔心爆发', 5, 5, 0, 10, 10, '781a121e409741ff53f5978578067146', 12),
('聚灵斩', 4, 10, 0, 0, 2, 'eb61a0b08b9bfdfda961d64410eba5bc', 3),
('魔心爆发', 5, 5, 0, 10, 10, 'eb61a0b08b9bfdfda961d64410eba5bc', 2),
('聚灵斩', 4, 10, 0, 0, 2, '77099dca8f67b65ca91af53d0461ac2f', 0),
('魔心爆发', 5, 5, 0, 10, 10, '77099dca8f67b65ca91af53d0461ac2f', 0),
('魔心爆发', 5, 5, 0, 10, 10, '775c0ff651b405a676fc9ee1729302f4', 10),
('蛮力附体', 6, 7, 7, 7, 7, '775c0ff651b405a676fc9ee1729302f4', 23),
('魔心爆发', 5, 5, 0, 10, 10, 'ad8f4d8e577f50deae4492bd03c96b56', 2),
('聚灵斩', 4, 10, 0, 0, 2, 'ad8f4d8e577f50deae4492bd03c96b56', 3),
('聚灵斩', 4, 10, 0, 0, 2, 'bb2a45b7652a7900e7810128a329597e', 2),
('魔心爆发', 5, 5, 0, 10, 10, 'bb2a45b7652a7900e7810128a329597e', 0),
('聚灵斩', 4, 10, 0, 0, 2, '4e079b4084dcdd84cf4393a003a38283', 2),
('聚灵斩', 4, 10, 0, 0, 2, 'ce13ba86e509d2fab5ed13c2cddf00c9', 2),
('魔心爆发', 5, 5, 0, 10, 10, 'ce13ba86e509d2fab5ed13c2cddf00c9', 8),
('聚灵斩', 4, 10, 0, 0, 2, 'ea5a17b7f6c42320f7c242f2871a0f8d', 0),
('聚灵斩', 4, 10, 0, 0, 2, 'dd58b4170ec8d6d20f876405b4b1265d', 0),
('魔心爆发', 5, 5, 0, 10, 10, 'dd58b4170ec8d6d20f876405b4b1265d', 0),
('聚灵斩', 4, 10, 0, 0, 2, '7159624dfdba178c848da03a6ffefec9', 2),
('魔心爆发', 5, 5, 0, 10, 10, '7159624dfdba178c848da03a6ffefec9', 3),
('聚灵斩', 4, 10, 0, 0, 2, 'f76c11b6601d3a6ce505c616b64ed478', 0),
('魔心爆发', 5, 5, 0, 10, 10, 'f76c11b6601d3a6ce505c616b64ed478', 10),
('聚灵斩', 4, 10, 0, 0, 2, 'e14b6e0d27bea46402a112c75c170887', 0);

-- --------------------------------------------------------

--
-- 表的结构 `playerrenwu`
--

CREATE TABLE IF NOT EXISTS `playerrenwu` (
  `rwname` varchar(255) NOT NULL,
  `rwzl` int(11) NOT NULL,
  `rwdj` varchar(255) NOT NULL,
  `rwzb` varchar(255) NOT NULL,
  `rwexp` varchar(255) NOT NULL,
  `rwyxb` varchar(255) NOT NULL,
  `sid` text NOT NULL,
  `rwzt` int(11) NOT NULL,
  `rwid` int(11) NOT NULL,
  `rwyq` int(11) NOT NULL,
  `rwcount` int(11) NOT NULL,
  `rwnowcount` int(11) NOT NULL,
  `rwlx` int(11) NOT NULL,
  `rwyp` text NOT NULL,
  `data` int(11) NOT NULL,
  `rwjineng` varchar(255) NOT NULL
) ENGINE=MyISAM DEFAULT CHARSET=utf8;

--
-- 转存表中的数据 `playerrenwu`
--

INSERT INTO `playerrenwu` (`rwname`, `rwzl`, `rwdj`, `rwzb`, `rwexp`, `rwyxb`, `sid`, `rwzt`, `rwid`, `rwyq`, `rwcount`, `rwnowcount`, `rwlx`, `rwyp`, `data`, `rwjineng`) VALUES
('硬翅蜂扰', 2, '1|15,6|100,7|100', '', '200', '150', '43e4c5c6dda6740216e3bd54ff200c15', 3, 25, 55, 20, 0, 3, '', 0, ''),
('山猪祸乱', 2, '1|5', '24', '100', '120', 'c9879e4c3738297c06b0b14d78dc39d6', 3, 13, 56, 5, 0, 2, '', 21, ''),
('找王大妈', 3, '1|20', '25', '200', '100', '43e4c5c6dda6740216e3bd54ff200c15', 3, 24, 11, 18, 0, 3, '', 0, ''),
('硬翅蜂扰', 2, '1|15,6|100,7|100', '', '200', '150', 'c9879e4c3738297c06b0b14d78dc39d6', 3, 25, 55, 20, 0, 3, '', 0, ''),
('山猪祸乱', 2, '1|5', '24', '100', '120', 'fe770ad48c2efa7f70b271527359d0ed', 1, 13, 56, 5, 2, 2, '', 22, ''),
('故人', 3, '1|50', '29', '400', '200', 'c9879e4c3738297c06b0b14d78dc39d6', 3, 28, 11, 14, 0, 1, '', 0, ''),
('故人', 3, '1|50', '29', '400', '200', '43e4c5c6dda6740216e3bd54ff200c15', 3, 28, 11, 14, 0, 1, '', 0, ''),
('找王大妈', 3, '1|20', '25', '200', '100', 'c9879e4c3738297c06b0b14d78dc39d6', 3, 24, 11, 18, 0, 3, '', 0, ''),
('狼患', 2, '1|100', '', '400', '300', '43e4c5c6dda6740216e3bd54ff200c15', 3, 29, 62, 10, 0, 3, '', 0, ''),
('狼患', 2, '1|100', '', '400', '300', 'c9879e4c3738297c06b0b14d78dc39d6', 3, 29, 62, 10, 0, 3, '', 0, ''),
('蛮!', 2, '1|30,9|50', '38', '500', '500', '43e4c5c6dda6740216e3bd54ff200c15', 1, 19, 76, 50, 11, 1, '', 0, ''),
('杀!', 2, '1|50,9|50', '39', '600', '400', '43e4c5c6dda6740216e3bd54ff200c15', 1, 20, 77, 50, 7, 1, '', 0, ''),
('山猪祸乱', 2, '1|5', '24', '100', '120', 'dc00cd1d5392e16138e78f31a14653fc', 1, 13, 56, 5, 0, 2, '', 22, ''),
('故人', 3, '1|50', '29', '400', '200', '6d07cdb650fc1fca94c0dd51a8ed971e', 3, 28, 11, 14, 0, 1, '', 0, ''),
('故人', 3, '1|50', '29', '400', '200', '377b01fca16375319e1d921b89f66604', 3, 28, 11, 14, 0, 1, '', 0, ''),
('硬翅蜂扰', 2, '1|15,6|100,7|100', '', '200', '150', '6d07cdb650fc1fca94c0dd51a8ed971e', 3, 25, 55, 20, 0, 3, '', 0, ''),
('硬翅蜂扰', 2, '1|15,6|100,7|100', '', '200', '150', 'bb2a45b7652a7900e7810128a329597e', 3, 25, 55, 20, 0, 3, '', 0, ''),
('找王大妈', 3, '1|20', '25', '200', '100', '6d07cdb650fc1fca94c0dd51a8ed971e', 3, 24, 11, 18, 0, 3, '', 0, ''),
('狼患', 2, '1|100', '', '400', '300', '6d07cdb650fc1fca94c0dd51a8ed971e', 3, 29, 62, 10, 0, 3, '', 0, ''),
('蛮!', 2, '1|30,9|50', '38', '500', '500', '6d07cdb650fc1fca94c0dd51a8ed971e', 1, 19, 76, 50, 15, 1, '', 0, ''),
('杀!', 2, '1|50,9|50', '39', '600', '400', '6d07cdb650fc1fca94c0dd51a8ed971e', 1, 20, 77, 50, 8, 1, '', 0, ''),
('山猪祸乱', 2, '1|5', '24', '100', '120', '6d07cdb650fc1fca94c0dd51a8ed971e', 1, 13, 56, 5, 0, 2, '', 23, ''),
('山猪祸乱', 2, '1|5', '24', '100', '120', 'eb61a0b08b9bfdfda961d64410eba5bc', 3, 13, 56, 5, 0, 2, '', 21, ''),
('硬翅蜂扰', 2, '1|15,6|100,7|100', '', '200', '150', 'eb61a0b08b9bfdfda961d64410eba5bc', 3, 25, 55, 20, 0, 3, '', 0, ''),
('故人', 3, '1|50', '29', '400', '200', 'eb61a0b08b9bfdfda961d64410eba5bc', 3, 28, 11, 14, 0, 1, '', 0, ''),
('找王大妈', 3, '1|20', '25', '200', '100', 'eb61a0b08b9bfdfda961d64410eba5bc', 3, 24, 11, 18, 0, 3, '', 0, ''),
('屠尽妖王', 1, '', '45', '2000', '2000', '781a121e409741ff53f5978578067146', 1, 27, 12, 150, 0, 1, '', 0, ''),
('故人', 3, '1|50', '29', '400', '200', '781a121e409741ff53f5978578067146', 3, 28, 11, 14, 0, 1, '', 0, ''),
('硬翅蜂扰', 2, '1|15,6|100,7|100', '', '200', '150', '781a121e409741ff53f5978578067146', 3, 25, 55, 20, 0, 3, '', 0, ''),
('山猪祸乱', 2, '1|5', '24', '100', '120', '781a121e409741ff53f5978578067146', 3, 13, 56, 5, 0, 2, '', 21, ''),
('找王大妈', 3, '1|20', '25', '200', '100', '781a121e409741ff53f5978578067146', 3, 24, 11, 18, 0, 3, '', 0, ''),
('狼患', 2, '1|100', '', '400', '300', '781a121e409741ff53f5978578067146', 3, 29, 62, 10, 0, 3, '', 0, ''),
('山猪祸乱', 2, '1|5', '24', '100', '120', '77099dca8f67b65ca91af53d0461ac2f', 3, 13, 56, 5, 0, 2, '', 21, ''),
('杀!', 2, '1|50,9|50', '39', '600', '400', '775c0ff651b405a676fc9ee1729302f4', 3, 20, 77, 50, 0, 1, '', 0, ''),
('蛮!', 2, '1|30,9|50', '38', '500', '500', '775c0ff651b405a676fc9ee1729302f4', 3, 19, 76, 50, 0, 1, '', 0, ''),
('硬翅蜂扰', 2, '1|15,6|100,7|100', '', '200', '150', '77099dca8f67b65ca91af53d0461ac2f', 3, 25, 55, 20, 0, 3, '', 0, ''),
('山猪祸乱', 2, '1|5', '24', '100', '120', '1de67183872072ed605030a8bf3059be', 3, 13, 56, 5, 0, 2, '', 21, ''),
('硬翅蜂扰', 2, '1|15,6|100,7|100', '', '200', '150', '1de67183872072ed605030a8bf3059be', 3, 25, 55, 20, 0, 3, '', 0, ''),
('找王大妈', 3, '1|20', '25', '200', '100', '1de67183872072ed605030a8bf3059be', 3, 24, 11, 18, 0, 3, '', 0, ''),
('找王大妈', 3, '1|20', '25', '200', '100', '77099dca8f67b65ca91af53d0461ac2f', 3, 24, 11, 18, 0, 3, '', 0, ''),
('狼患', 2, '1|100', '', '400', '300', '77099dca8f67b65ca91af53d0461ac2f', 1, 29, 62, 10, 3, 3, '', 0, ''),
('故人', 3, '1|50', '29', '400', '200', '1de67183872072ed605030a8bf3059be', 3, 28, 11, 14, 0, 1, '', 0, ''),
('狼患', 2, '1|100', '', '400', '300', '1de67183872072ed605030a8bf3059be', 3, 29, 62, 10, 0, 3, '', 0, ''),
('故人', 3, '1|50', '29', '400', '200', '77099dca8f67b65ca91af53d0461ac2f', 3, 28, 11, 14, 0, 1, '', 0, ''),
('屠尽妖王', 1, '', '45', '2000', '2000', 'eb61a0b08b9bfdfda961d64410eba5bc', 1, 27, 12, 150, 0, 1, '', 0, ''),
('狼患', 2, '1|100', '', '400', '300', 'eb61a0b08b9bfdfda961d64410eba5bc', 3, 29, 62, 10, 0, 3, '', 0, ''),
('屠尽妖王', 1, '', '45', '2000', '2000', '43e4c5c6dda6740216e3bd54ff200c15', 1, 27, 12, 150, 0, 1, '', 0, ''),
('找王大妈', 3, '1|20', '25', '200', '100', 'bb2a45b7652a7900e7810128a329597e', 3, 24, 11, 18, 0, 3, '', 0, ''),
('故人', 3, '1|50', '29', '400', '200', 'bb2a45b7652a7900e7810128a329597e', 3, 28, 11, 14, 0, 1, '', 0, ''),
('杀!', 2, '1|50,9|50', '39', '600', '400', '781a121e409741ff53f5978578067146', 1, 20, 77, 50, 0, 1, '', 0, ''),
('蛮!', 2, '1|30,9|50', '38', '500', '500', '781a121e409741ff53f5978578067146', 1, 19, 76, 50, 0, 1, '', 0, ''),
('蛮!', 2, '1|30,9|50', '38', '500', '500', 'eb61a0b08b9bfdfda961d64410eba5bc', 1, 19, 76, 50, 1, 1, '', 0, ''),
('赤鳞兽皮', 2, '1|10,10|50', '39', '800', '350', '781a121e409741ff53f5978578067146', 1, 21, 82, 30, 0, 2, '', 21, ''),
('杀!', 2, '1|50,9|50', '39', '600', '400', 'eb61a0b08b9bfdfda961d64410eba5bc', 1, 20, 77, 50, 0, 1, '', 0, ''),
('赤鳞兽皮', 2, '1|10,10|50', '39', '800', '350', 'eb61a0b08b9bfdfda961d64410eba5bc', 1, 21, 82, 30, 0, 2, '', 21, ''),
('屠尽妖王', 1, '', '45', '2000', '2000', '592857bc812f813ed52fa8b187582fc2', 1, 27, 12, 150, 0, 1, '', 0, ''),
('山猪祸乱', 2, '1|5', '24', '100', '120', '592857bc812f813ed52fa8b187582fc2', 1, 13, 56, 5, 0, 2, '', 23, ''),
('硬翅蜂扰', 2, '1|15,6|100,7|100', '', '200', '150', '592857bc812f813ed52fa8b187582fc2', 3, 25, 55, 20, 0, 3, '', 0, ''),
('故人', 3, '1|50', '29', '400', '200', '592857bc812f813ed52fa8b187582fc2', 3, 28, 11, 14, 0, 1, '', 0, ''),
('找王大妈', 3, '1|20', '25', '200', '100', '592857bc812f813ed52fa8b187582fc2', 3, 24, 11, 18, 0, 3, '', 0, ''),
('硬翅蜂扰', 2, '1|15,6|100,7|100', '', '200', '150', '2f30be56d4505a584b454357bfcaa618', 1, 25, 55, 20, 3, 3, '', 0, ''),
('狼患', 2, '1|100', '', '400', '300', '592857bc812f813ed52fa8b187582fc2', 3, 29, 62, 10, 0, 3, '', 0, ''),
('故人', 3, '1|50', '29', '400', '200', 'ba5b232ca920fefa398ae123afcc87eb', 3, 28, 11, 14, 0, 1, '', 0, ''),
('山猪祸乱', 2, '1|5', '24', '100', '120', 'ba5b232ca920fefa398ae123afcc87eb', 3, 13, 56, 5, 0, 2, '', 21, ''),
('硬翅蜂扰', 2, '1|15,6|100,7|100', '', '200', '150', 'ba5b232ca920fefa398ae123afcc87eb', 1, 25, 55, 20, 15, 3, '', 0, ''),
('硬翅蜂扰', 2, '1|15,6|100,7|100', '', '200', '150', 'ef0de555ed6bb051e1a18e2141be60a4', 1, 25, 55, 20, 10, 3, '', 0, ''),
('硬翅蜂扰', 2, '1|15,6|100,7|100', '', '200', '150', 'ad8f4d8e577f50deae4492bd03c96b56', 3, 25, 55, 20, 0, 3, '', 0, ''),
('故人', 3, '1|50', '29', '400', '200', 'ad8f4d8e577f50deae4492bd03c96b56', 3, 28, 11, 14, 0, 1, '', 0, ''),
('找王大妈', 3, '1|20', '25', '200', '100', 'ad8f4d8e577f50deae4492bd03c96b56', 3, 24, 11, 18, 0, 3, '', 0, ''),
('狼患', 2, '1|100', '', '400', '300', 'ad8f4d8e577f50deae4492bd03c96b56', 3, 29, 62, 10, 0, 3, '', 0, ''),
('屠尽妖王', 1, '', '45', '2000', '2000', 'ad8f4d8e577f50deae4492bd03c96b56', 1, 27, 12, 150, 0, 1, '', 0, ''),
('杀!', 2, '1|50,9|50', '39', '600', '400', 'ad8f4d8e577f50deae4492bd03c96b56', 1, 20, 77, 50, 0, 1, '', 0, ''),
('蛮!', 2, '1|30,9|50', '38', '500', '500', 'ad8f4d8e577f50deae4492bd03c96b56', 1, 19, 76, 50, 0, 1, '', 0, ''),
('山猪祸乱', 2, '1|5', '24', '100', '120', 'ad8f4d8e577f50deae4492bd03c96b56', 1, 13, 56, 5, 0, 2, '', 23, ''),
('硬翅蜂扰', 2, '1|15,6|100,7|100', '', '200', '150', '53b5753ac98d992ebb0e7c3ad6b7d2e4', 1, 25, 55, 20, 0, 3, '', 0, ''),
('山猪祸乱', 2, '1|5', '24', '100', '120', '2de0f1d3eca04c1a8aff5354db0874ed', 2, 13, 56, 5, 5, 2, '', 21, ''),
('硬翅蜂扰', 2, '1|15,6|100,7|100', '', '200', '150', '2de0f1d3eca04c1a8aff5354db0874ed', 1, 25, 55, 20, 5, 3, '', 0, ''),
('故人', 3, '1|50', '29', '400', '200', '2de0f1d3eca04c1a8aff5354db0874ed', 3, 28, 11, 14, 0, 1, '', 0, ''),
('屠尽妖王', 1, '', '45', '2000', '2000', '2de0f1d3eca04c1a8aff5354db0874ed', 1, 27, 12, 150, 0, 1, '', 0, ''),
('故人', 3, '1|50', '29', '400', '200', '9bb5f086e2f1efdbc8215e55f8a4a30f', 3, 28, 11, 14, 0, 1, '', 0, ''),
('硬翅蜂扰', 2, '1|15,6|100,7|100', '', '200', '150', '9bb5f086e2f1efdbc8215e55f8a4a30f', 3, 25, 55, 20, 0, 3, '', 0, ''),
('找王大妈', 3, '1|20', '25', '200', '100', '9bb5f086e2f1efdbc8215e55f8a4a30f', 3, 24, 11, 18, 0, 3, '', 0, ''),
('狼患', 2, '1|100', '', '400', '300', '9bb5f086e2f1efdbc8215e55f8a4a30f', 3, 29, 62, 10, 0, 3, '', 0, ''),
('屠尽妖王', 1, '', '45', '2000', '2000', '9bb5f086e2f1efdbc8215e55f8a4a30f', 1, 27, 12, 150, 0, 1, '', 0, ''),
('山猪祸乱', 2, '1|5', '24', '100', '120', 'ce13ba86e509d2fab5ed13c2cddf00c9', 3, 13, 56, 5, 0, 2, '', 22, ''),
('硬翅蜂扰', 2, '1|15,6|100,7|100', '', '200', '150', 'ce13ba86e509d2fab5ed13c2cddf00c9', 3, 25, 55, 20, 0, 3, '', 0, ''),
('故人', 3, '1|50', '29', '400', '200', 'ce13ba86e509d2fab5ed13c2cddf00c9', 3, 28, 11, 14, 0, 1, '', 0, ''),
('找王大妈', 3, '1|20', '25', '200', '100', 'ce13ba86e509d2fab5ed13c2cddf00c9', 3, 24, 11, 18, 0, 3, '', 0, ''),
('山猪祸乱', 2, '1|5', '24', '100', '120', '2ff85222525dc6103813d8c61907572e', 1, 13, 56, 5, 0, 2, '', 21, ''),
('屠尽妖王', 1, '', '45', '2000', '2000', 'ce13ba86e509d2fab5ed13c2cddf00c9', 1, 27, 12, 150, 0, 1, '', 0, ''),
('硬翅蜂扰', 2, '1|15,6|100,7|100', '', '200', '150', '2ff85222525dc6103813d8c61907572e', 1, 25, 55, 20, 0, 3, '', 0, ''),
('故人', 3, '1|50', '29', '400', '200', '2ff85222525dc6103813d8c61907572e', 2, 28, 11, 14, 0, 1, '', 0, ''),
('山猪祸乱', 2, '1|5', '24', '100', '120', 'bb2a45b7652a7900e7810128a329597e', 3, 13, 56, 5, 0, 2, '', 23, ''),
('狼患', 2, '1|100', '', '400', '300', 'bb2a45b7652a7900e7810128a329597e', 3, 29, 62, 10, 0, 3, '', 0, ''),
('蛮!', 2, '1|30,9|50', '38', '500', '500', 'bb2a45b7652a7900e7810128a329597e', 1, 19, 76, 50, 0, 1, '', 0, ''),
('山猪祸乱', 2, '1|5', '24', '100', '120', 'ef0de555ed6bb051e1a18e2141be60a4', 1, 13, 56, 5, 4, 2, '', 23, ''),
('蛮!', 2, '1|30,9|50', '38', '500', '500', '9bb5f086e2f1efdbc8215e55f8a4a30f', 3, 19, 76, 50, 0, 1, '', 0, ''),
('杀!', 2, '1|50,9|50', '39', '600', '400', '9bb5f086e2f1efdbc8215e55f8a4a30f', 3, 20, 77, 50, 0, 1, '', 0, ''),
('屠尽妖王', 1, '', '45', '2000', '2000', 'bb2a45b7652a7900e7810128a329597e', 1, 27, 12, 150, 0, 1, '', 0, ''),
('硬翅蜂扰', 2, '1|15,6|100,7|100', '', '200', '150', '06569f4ff7f633af6e060480a0431526', 1, 25, 55, 20, 0, 3, '', 0, ''),
('山猪祸乱', 2, '1|5', '24', '100', '120', '06569f4ff7f633af6e060480a0431526', 1, 13, 56, 5, 0, 2, '', 22, ''),
('故人', 3, '1|50', '29', '400', '200', '06569f4ff7f633af6e060480a0431526', 2, 28, 11, 14, 0, 1, '', 0, ''),
('故人', 3, '1|50', '29', '400', '200', 'fe770ad48c2efa7f70b271527359d0ed', 2, 28, 11, 14, 0, 1, '', 0, ''),
('山猪祸乱', 2, '1|5', '24', '100', '120', '4e079b4084dcdd84cf4393a003a38283', 3, 13, 56, 5, 0, 2, '', 22, ''),
('硬翅蜂扰', 2, '1|15,6|100,7|100', '', '200', '150', '4e079b4084dcdd84cf4393a003a38283', 3, 25, 55, 20, 0, 3, '', 0, ''),
('山猪祸乱', 2, '1|5', '24', '100', '120', '014f052e766dfebb8a3dff85c525f33d', 1, 13, 56, 5, 0, 2, '', 22, ''),
('故人', 3, '1|50', '29', '400', '200', '4e079b4084dcdd84cf4393a003a38283', 3, 28, 11, 14, 0, 1, '', 0, ''),
('找王大妈', 3, '1|20', '25', '200', '100', '4e079b4084dcdd84cf4393a003a38283', 3, 24, 11, 18, 0, 3, '', 0, ''),
('硬翅蜂扰', 2, '1|15,6|100,7|100', '', '200', '150', '775c0ff651b405a676fc9ee1729302f4', 1, 25, 55, 20, 0, 3, '', 0, ''),
('赤鳞兽皮', 2, '1|10,10|50', '39', '800', '350', '775c0ff651b405a676fc9ee1729302f4', 1, 21, 82, 30, 0, 2, '', 22, ''),
('狼患', 2, '1|100', '', '400', '300', '4e079b4084dcdd84cf4393a003a38283', 3, 29, 62, 10, 0, 3, '', 0, ''),
('山猪祸乱', 2, '1|5', '24', '100', '120', 'ab427a3da6d74b88bcc13985a99f2fe3', 1, 13, 56, 5, 0, 2, '', 22, ''),
('屠尽妖王', 1, '', '45', '2000', '2000', '4e079b4084dcdd84cf4393a003a38283', 1, 27, 12, 150, 0, 1, '', 0, ''),
('蛮!', 2, '1|30,9|50', '38', '500', '500', '4e079b4084dcdd84cf4393a003a38283', 1, 19, 76, 50, 0, 1, '', 0, ''),
('山猪祸乱', 2, '1|5', '24', '100', '120', 'aa588ffcf27da87551c01d7c88b24829', 3, 13, 56, 5, 0, 2, '', 22, ''),
('硬翅蜂扰', 2, '1|15,6|100,7|100', '', '200', '150', 'aa588ffcf27da87551c01d7c88b24829', 3, 25, 55, 20, 0, 3, '', 0, ''),
('故人', 3, '1|50', '29', '400', '200', 'aa588ffcf27da87551c01d7c88b24829', 2, 28, 11, 14, 0, 1, '', 0, ''),
('山猪祸乱', 2, '1|5', '24', '100', '120', '3efda130336e54b2ab0463e97020858d', 1, 13, 56, 5, 0, 2, '', 22, ''),
('山猪祸乱', 2, '1|5', '24', '100', '120', '44820855281001694b3ec98fb720b0b4', 1, 13, 56, 5, 0, 2, '', 22, ''),
('硬翅蜂扰', 2, '1|15,6|100,7|100', '', '200', '150', '3efda130336e54b2ab0463e97020858d', 1, 25, 55, 20, 0, 3, '', 0, ''),
('故人', 3, '1|50', '29', '400', '200', '3efda130336e54b2ab0463e97020858d', 2, 28, 11, 14, 0, 1, '', 0, ''),
('找王大妈', 3, '1|20', '25', '200', '100', 'aa588ffcf27da87551c01d7c88b24829', 3, 24, 11, 18, 0, 3, '', 0, ''),
('杀!', 2, '1|50,9|50', '39', '600', '400', 'bb2a45b7652a7900e7810128a329597e', 1, 20, 77, 50, 0, 1, '', 0, ''),
('狼患', 2, '1|100', '', '400', '300', 'ce13ba86e509d2fab5ed13c2cddf00c9', 3, 29, 62, 10, 0, 3, '', 0, ''),
('杀!', 2, '1|50,9|50', '39', '600', '400', 'ce13ba86e509d2fab5ed13c2cddf00c9', 1, 20, 77, 50, 0, 1, '', 0, ''),
('狼患', 2, '1|100', '', '400', '300', 'aa588ffcf27da87551c01d7c88b24829', 1, 29, 62, 10, 0, 3, '', 0, ''),
('山猪祸乱', 2, '1|5', '24', '100', '120', 'a71dfe5ae44c6f0d4c4be100a2e85748', 3, 13, 56, 5, 0, 2, '', 22, ''),
('硬翅蜂扰', 2, '1|15,6|100,7|100', '', '200', '150', 'a71dfe5ae44c6f0d4c4be100a2e85748', 3, 25, 55, 20, 0, 3, '', 0, ''),
('故人', 3, '1|50', '29', '400', '200', 'a71dfe5ae44c6f0d4c4be100a2e85748', 3, 28, 11, 14, 0, 1, '', 0, ''),
('蛮!', 2, '1|30,9|50', '38', '500', '500', 'ce13ba86e509d2fab5ed13c2cddf00c9', 1, 19, 76, 50, 0, 1, '', 0, ''),
('赤鳞兽皮', 2, '1|10,10|50', '39', '800', '350', 'ce13ba86e509d2fab5ed13c2cddf00c9', 1, 21, 82, 30, 0, 2, '', 22, ''),
('找王大妈', 3, '1|20', '25', '200', '100', 'a71dfe5ae44c6f0d4c4be100a2e85748', 3, 24, 11, 18, 0, 3, '', 0, ''),
('狼患', 2, '1|100', '', '400', '300', 'a71dfe5ae44c6f0d4c4be100a2e85748', 3, 29, 62, 10, 0, 3, '', 0, ''),
('屠尽妖王', 1, '', '45', '2000', '2000', 'a71dfe5ae44c6f0d4c4be100a2e85748', 1, 27, 12, 150, 0, 1, '', 0, ''),
('硬翅蜂扰', 2, '1|15,6|100,7|100', '', '200', '150', '98c04e5c0946bf13d399e8577f181912', 1, 25, 55, 20, 9, 3, '', 0, ''),
('屠尽妖王', 1, '', '45', '2000', '2000', 'ea5a17b7f6c42320f7c242f2871a0f8d', 1, 27, 12, 150, 0, 1, '', 0, ''),
('山猪祸乱', 2, '1|5', '24', '100', '120', '377b01fca16375319e1d921b89f66604', 3, 13, 56, 5, 0, 2, '', 22, ''),
('故人', 3, '1|50', '29', '400', '200', 'ef0de555ed6bb051e1a18e2141be60a4', 2, 28, 11, 14, 0, 1, '', 0, ''),
('故人', 3, '1|50', '29', '400', '200', '7159624dfdba178c848da03a6ffefec9', 3, 28, 11, 14, 0, 1, '', 0, ''),
('硬翅蜂扰', 2, '1|15,6|100,7|100', '', '200', '150', '7159624dfdba178c848da03a6ffefec9', 3, 25, 55, 20, 0, 3, '', 0, ''),
('找王大妈', 3, '1|20', '25', '200', '100', '7159624dfdba178c848da03a6ffefec9', 3, 24, 11, 18, 0, 3, '', 0, ''),
('山猪祸乱', 2, '1|5', '24', '100', '120', 'dbbec33ed7095aa0b5bc8b63e0ab9023', 1, 13, 56, 5, 0, 2, '', 22, ''),
('赤鳞兽皮', 2, '1|10,10|50', '39', '800', '350', 'f58bb53a4bdd39d6d70b706d77fbc74f', 1, 21, 82, 30, 0, 2, '', 23, ''),
('山猪祸乱', 2, '1|5', '24', '100', '120', 'c75c050dc1b04f75f8211f68505097b1', 2, 13, 56, 5, 5, 2, '', 22, ''),
('硬翅蜂扰', 2, '1|15,6|100,7|100', '', '200', '150', 'c75c050dc1b04f75f8211f68505097b1', 1, 25, 55, 20, 4, 3, '', 0, ''),
('故人', 3, '1|50', '29', '400', '200', 'c75c050dc1b04f75f8211f68505097b1', 2, 28, 11, 14, 0, 1, '', 0, ''),
('山猪祸乱', 2, '1|5', '24', '100', '120', '181c4ae732e839b1b07425f056e83f51', 1, 13, 56, 5, 0, 2, '', 22, ''),
('硬翅蜂扰', 2, '1|15,6|100,7|100', '', '200', '150', '181c4ae732e839b1b07425f056e83f51', 1, 25, 55, 20, 2, 3, '', 0, ''),
('故人', 3, '1|50', '29', '400', '200', '181c4ae732e839b1b07425f056e83f51', 2, 28, 11, 14, 0, 1, '', 0, ''),
('硬翅蜂扰', 2, '1|15,6|100,7|100', '', '200', '150', '014f052e766dfebb8a3dff85c525f33d', 1, 25, 55, 20, 0, 3, '', 0, ''),
('故人', 3, '1|50', '29', '400', '200', '014f052e766dfebb8a3dff85c525f33d', 2, 28, 11, 14, 0, 1, '', 0, ''),
('故人', 3, '1|50', '29', '400', '200', '2007608a6942d33ec38e7c3d870fa674', 3, 28, 11, 14, 0, 1, '', 0, ''),
('狼患', 2, '1|100', '', '400', '300', '2007608a6942d33ec38e7c3d870fa674', 1, 29, 62, 10, 0, 3, '', 0, ''),
('硬翅蜂扰', 2, '1|15,6|100,7|100', '', '200', '150', '2007608a6942d33ec38e7c3d870fa674', 3, 25, 55, 20, 0, 3, '', 0, ''),
('找王大妈', 3, '1|20', '25', '200', '100', '2007608a6942d33ec38e7c3d870fa674', 3, 24, 11, 18, 0, 3, '', 0, ''),
('故人', 3, '1|50', '29', '400', '200', 'cc5cfc9a3fac118adae1bfb7f6dc6c3a', 3, 28, 11, 14, 0, 1, '', 0, ''),
('山猪祸乱', 2, '1|5', '24', '100', '120', '2007608a6942d33ec38e7c3d870fa674', 3, 13, 56, 5, 0, 2, '', 23, ''),
('硬翅蜂扰', 2, '1|15,6|100,7|100', '', '200', '150', 'cc5cfc9a3fac118adae1bfb7f6dc6c3a', 3, 25, 55, 20, 0, 3, '', 0, ''),
('赤鳞兽皮', 2, '1|10,10|50', '39', '800', '350', '6d07cdb650fc1fca94c0dd51a8ed971e', 1, 21, 82, 30, 1, 2, '', 23, ''),
('山猪祸乱', 2, '1|5', '24', '100', '120', 'dd58b4170ec8d6d20f876405b4b1265d', 3, 13, 56, 5, 0, 2, '', 23, ''),
('硬翅蜂扰', 2, '1|15,6|100,7|100', '', '200', '150', 'dd58b4170ec8d6d20f876405b4b1265d', 3, 25, 55, 20, 0, 3, '', 0, ''),
('故人', 3, '1|50', '29', '400', '200', 'dd58b4170ec8d6d20f876405b4b1265d', 3, 28, 11, 14, 0, 1, '', 0, ''),
('找王大妈', 3, '1|20', '25', '200', '100', 'dd58b4170ec8d6d20f876405b4b1265d', 3, 24, 11, 18, 0, 3, '', 0, ''),
('狼患', 2, '1|100', '', '400', '300', 'dd58b4170ec8d6d20f876405b4b1265d', 3, 29, 62, 10, 0, 3, '', 0, ''),
('赤鳞兽皮', 2, '1|10,10|50', '39', '800', '350', 'dd58b4170ec8d6d20f876405b4b1265d', 1, 21, 82, 30, 0, 2, '', 23, ''),
('蛮!', 2, '1|30,9|50', '38', '500', '500', 'dd58b4170ec8d6d20f876405b4b1265d', 1, 19, 76, 50, 0, 1, '', 0, ''),
('杀!', 2, '1|50,9|50', '39', '600', '400', 'dd58b4170ec8d6d20f876405b4b1265d', 1, 20, 77, 50, 0, 1, '', 0, ''),
('屠尽妖王', 1, '', '45', '2000', '2000', 'dd58b4170ec8d6d20f876405b4b1265d', 1, 27, 12, 150, 0, 1, '', 0, ''),
('故人', 3, '1|50', '29', '400', '200', 'd4cd8bac31b76768226bd72adc430ab9', 3, 28, 11, 14, 0, 1, '', 0, ''),
('硬翅蜂扰', 2, '1|15,6|100,7|100', '', '200', '150', 'd4cd8bac31b76768226bd72adc430ab9', 3, 25, 55, 20, 0, 3, '', 0, ''),
('山猪祸乱', 2, '1|5', '24', '100', '120', '7159624dfdba178c848da03a6ffefec9', 3, 13, 56, 5, 0, 2, '', 24, ''),
('找王大妈', 3, '1|20', '25', '200', '100', 'd4cd8bac31b76768226bd72adc430ab9', 3, 24, 11, 18, 0, 3, '', 0, ''),
('硬翅蜂扰', 2, '1|15,6|100,7|100', '', '200', '150', '97563ab1d73bbb1e071ec933b5b06e6c', 1, 25, 55, 20, 5, 3, '', 0, ''),
('山猪祸乱', 2, '1|5', '24', '100', '120', '97563ab1d73bbb1e071ec933b5b06e6c', 3, 13, 56, 5, 0, 2, '', 23, ''),
('蛮!', 2, '1|30,9|50', '38', '500', '500', 'f58bb53a4bdd39d6d70b706d77fbc74f', 1, 19, 76, 50, 4, 1, '', 0, ''),
('杀!', 2, '1|50,9|50', '39', '600', '400', 'f58bb53a4bdd39d6d70b706d77fbc74f', 1, 20, 77, 50, 1, 1, '', 0, ''),
('山猪祸乱', 2, '1|5', '24', '100', '120', 'e777555550491c15e506da8cafb60086', 3, 13, 56, 5, 0, 2, '', 24, ''),
('硬翅蜂扰', 2, '1|15,6|100,7|100', '', '200', '150', 'e777555550491c15e506da8cafb60086', 3, 25, 55, 20, 0, 3, '', 0, ''),
('故人', 3, '1|50', '29', '400', '200', 'e777555550491c15e506da8cafb60086', 3, 28, 11, 14, 0, 1, '', 0, ''),
('找王大妈', 3, '1|20', '25', '200', '100', 'e777555550491c15e506da8cafb60086', 3, 24, 11, 18, 0, 3, '', 0, ''),
('狼患', 2, '1|100', '', '400', '300', 'e777555550491c15e506da8cafb60086', 1, 29, 62, 10, 0, 3, '', 0, ''),
('狼患', 2, '1|100', '', '400', '300', '7159624dfdba178c848da03a6ffefec9', 3, 29, 62, 10, 0, 3, '', 0, ''),
('屠尽妖王', 1, '', '45', '2000', '2000', '7159624dfdba178c848da03a6ffefec9', 1, 27, 12, 150, 0, 1, '', 0, ''),
('硬翅蜂扰', 2, '1|15,6|100,7|100', '', '200', '150', '087efeb819f49c1789df1f599ec15388', 3, 25, 55, 20, 0, 3, '', 0, ''),
('狼患', 2, '1|100', '', '400', '300', '087efeb819f49c1789df1f599ec15388', 3, 29, 62, 10, 0, 3, '', 0, ''),
('找王大妈', 3, '1|20', '25', '200', '100', '087efeb819f49c1789df1f599ec15388', 3, 24, 11, 18, 0, 3, '', 0, ''),
('故人', 3, '1|50', '29', '400', '200', '087efeb819f49c1789df1f599ec15388', 3, 28, 11, 14, 0, 1, '', 0, ''),
('蛮!', 2, '1|30,9|50', '38', '500', '500', '3c9d1d6c8f225e9e4139cccd830fdd00', 1, 19, 76, 50, 0, 1, '', 0, ''),
('硬翅蜂扰', 2, '1|15,6|100,7|100', '', '200', '150', '3c9d1d6c8f225e9e4139cccd830fdd00', 3, 25, 55, 20, 0, 3, '', 0, ''),
('故人', 3, '1|50', '29', '400', '200', '3c9d1d6c8f225e9e4139cccd830fdd00', 3, 28, 11, 14, 0, 1, '', 0, ''),
('故人', 3, '1|50', '29', '400', '200', 'f76c11b6601d3a6ce505c616b64ed478', 3, 28, 11, 14, 0, 1, '', 0, ''),
('硬翅蜂扰', 2, '1|15,6|100,7|100', '', '200', '150', 'f76c11b6601d3a6ce505c616b64ed478', 3, 25, 55, 20, 0, 3, '', 0, ''),
('硬翅蜂扰', 2, '1|15,6|100,7|100', '', '200', '150', '42352a5bb2acc1e76e8a2fa10ba7673b', 1, 25, 55, 20, 3, 3, '', 0, ''),
('找王大妈', 3, '1|20', '25', '200', '100', 'f76c11b6601d3a6ce505c616b64ed478', 3, 24, 11, 18, 0, 3, '', 0, ''),
('狼患', 2, '1|100', '', '400', '300', 'f76c11b6601d3a6ce505c616b64ed478', 3, 29, 62, 10, 0, 3, '', 0, ''),
('山猪祸乱', 2, '1|5', '24', '100', '120', '0ed4ce0a982475dad32cea331e8e50d7', 3, 13, 56, 5, 0, 2, '', 2, ''),
('山猪祸乱', 2, '1|5', '24', '100', '120', 'bd2c1545c6284ceb5cd83c9cbe1f8ec7', 1, 13, 56, 5, 2, 2, '', 2, ''),
('硬翅蜂扰', 2, '1|15,6|100,7|100', '', '200', '150', '0ed4ce0a982475dad32cea331e8e50d7', 3, 25, 55, 20, 0, 3, '', 0, ''),
('故人', 3, '1|50', '29', '400', '200', '0ed4ce0a982475dad32cea331e8e50d7', 3, 28, 11, 14, 0, 1, '', 0, ''),
('找王大妈', 3, '1|20', '25', '200', '100', '0ed4ce0a982475dad32cea331e8e50d7', 3, 24, 11, 18, 0, 3, '', 0, ''),
('屠尽妖王', 1, '', '45', '2000', '2000', 'f76c11b6601d3a6ce505c616b64ed478', 1, 27, 12, 150, 0, 1, '', 0, ''),
('狼患', 2, '1|100', '', '400', '300', '0ed4ce0a982475dad32cea331e8e50d7', 1, 29, 62, 10, 2, 3, '', 0, ''),
('山猪祸乱', 2, '1|5', '24', '100', '120', '4cfb676f793c954980bab3c8ad2e2a5a', 1, 13, 56, 5, 1, 2, '', 5, ''),
('硬翅蜂扰', 2, '1|15,6|100,7|100', '', '200', '150', '9f98bca6ec1fa9e5b63f70012148b511', 1, 25, 55, 20, 1, 3, '', 0, ''),
('故人', 3, '1|50', '29', '400', '200', '9f98bca6ec1fa9e5b63f70012148b511', 2, 28, 11, 14, 0, 1, '', 0, ''),
('狼患', 2, '1|100', '', '400', '300', 'e14b6e0d27bea46402a112c75c170887', 3, 29, 62, 10, 0, 3, '', 0, ''),
('蛮!', 2, '1|30,9|50', '38', '500', '500', 'f76c11b6601d3a6ce505c616b64ed478', 1, 19, 76, 50, 12, 1, '', 0, ''),
('杀!', 2, '1|50,9|50', '39', '600', '400', 'f76c11b6601d3a6ce505c616b64ed478', 1, 20, 77, 50, 8, 1, '', 0, ''),
('山猪祸乱', 2, '1|5', '24', '100', '120', '4f51a51d5a72504387e6fd56da3464fe', 1, 13, 56, 5, 1, 2, '', 3, ''),
('硬翅蜂扰', 2, '1|15,6|100,7|100', '', '200', '150', '3bfa14243cba16bb92e090b54cc5d544', 3, 25, 55, 20, 0, 3, '', 0, ''),
('故人', 3, '1|50', '29', '400', '200', '3bfa14243cba16bb92e090b54cc5d544', 3, 28, 11, 14, 0, 1, '', 0, ''),
('找王大妈', 3, '1|20', '25', '200', '100', '3bfa14243cba16bb92e090b54cc5d544', 3, 24, 11, 18, 0, 3, '', 0, ''),
('狼患', 2, '1|100', '', '400', '300', '3bfa14243cba16bb92e090b54cc5d544', 3, 29, 62, 10, 0, 3, '', 0, ''),
('屠尽妖王', 1, '', '45', '2000', '2000', '3bfa14243cba16bb92e090b54cc5d544', 1, 27, 12, 150, 0, 1, '', 0, ''),
('山猪祸乱', 2, '1|5', '24', '100', '120', 'e14b6e0d27bea46402a112c75c170887', 3, 13, 56, 5, 0, 2, '', 3, ''),
('硬翅蜂扰', 2, '1|15,6|100,7|100', '', '200', '150', 'e14b6e0d27bea46402a112c75c170887', 3, 25, 55, 20, 0, 3, '', 0, ''),
('故人', 3, '1|50', '29', '400', '200', 'e14b6e0d27bea46402a112c75c170887', 3, 28, 11, 14, 0, 1, '', 0, ''),
('找王大妈', 3, '1|20', '25', '200', '100', 'e14b6e0d27bea46402a112c75c170887', 3, 24, 11, 18, 0, 3, '', 0, ''),
('找王大妈', 3, '1|20', '25', '200', '100', '3c9d1d6c8f225e9e4139cccd830fdd00', 3, 24, 11, 18, 0, 3, '', 0, ''),
('狼患', 2, '1|100', '', '400', '300', '3c9d1d6c8f225e9e4139cccd830fdd00', 3, 29, 62, 10, 0, 3, '', 0, ''),
('杀!', 2, '1|50,9|50', '39', '600', '400', '3c9d1d6c8f225e9e4139cccd830fdd00', 1, 20, 77, 50, 0, 1, '', 0, ''),
('屠尽妖王', 1, '', '45', '2000', '2000', 'e14b6e0d27bea46402a112c75c170887', 1, 27, 12, 150, 0, 1, '', 0, ''),
('杀!', 2, '1|50,9|50', '39', '600', '400', 'e14b6e0d27bea46402a112c75c170887', 1, 20, 77, 50, 0, 1, '', 0, ''),
('蛮!', 2, '1|30,9|50', '38', '500', '500', 'e14b6e0d27bea46402a112c75c170887', 1, 19, 76, 50, 0, 1, '', 0, '');

-- --------------------------------------------------------

--
-- 表的结构 `playeryaopin`
--

CREATE TABLE IF NOT EXISTS `playeryaopin` (
  `ypname` varchar(255) NOT NULL,
  `ypid` int(11) NOT NULL,
  `yphp` int(11) NOT NULL,
  `ypgj` int(11) NOT NULL,
  `ypfy` int(11) NOT NULL,
  `ypxx` int(11) NOT NULL,
  `ypbj` int(11) NOT NULL,
  `sid` text NOT NULL,
  `ypsum` int(11) NOT NULL,
  `ypjg` int(11) NOT NULL
) ENGINE=MyISAM DEFAULT CHARSET=utf8;

--
-- 转存表中的数据 `playeryaopin`
--

INSERT INTO `playeryaopin` (`ypname`, `ypid`, `yphp`, `ypgj`, `ypfy`, `ypxx`, `ypbj`, `sid`, `ypsum`, `ypjg`) VALUES
('还原丹', 6, 100, 0, 0, 0, 0, '43e4c5c6dda6740216e3bd54ff200c15', 69, 10),
('还原丹', 6, 100, 0, 0, 0, 0, 'af1d74362b935eb0ac845b7e4f7f707f', 11, 10),
('还原丹', 6, 100, 0, 0, 0, 0, 'b4dd3b4ff25c3cdd67b858d5fed146fa', 10, 10),
('还原丹', 6, 100, 0, 0, 0, 0, '7e9ab9a48f33d0f31ce4cfc1512ba0b8', 7, 10),
('还原丹', 6, 100, 0, 0, 0, 0, '099f465c0c34dd5ef59f230a21447af4', 11, 10),
('还原丹', 6, 100, 0, 0, 0, 0, '0820a45ab816fb9c222a84c6546581b7', 3, 10),
('还原丹', 6, 100, 0, 0, 0, 0, 'a80e37407282b5feae841dd75b4dc7b7', 7, 10),
('还原丹', 6, 100, 0, 0, 0, 0, 'ea5ea2d157d97045153a82e5a342ec8b', 3, 10),
('还原丹', 6, 100, 0, 0, 0, 0, '9bb5f086e2f1efdbc8215e55f8a4a30f', 81, 15),
('回血散', 7, 300, 0, 0, 0, 0, '099f465c0c34dd5ef59f230a21447af4', 118, 30),
('还原丹', 6, 100, 0, 0, 0, 0, '6d07cdb650fc1fca94c0dd51a8ed971e', 0, 15),
('回血散', 7, 300, 0, 0, 0, 0, 'af1d74362b935eb0ac845b7e4f7f707f', 15, 30),
('回血散', 7, 300, 0, 0, 0, 0, '6d07cdb650fc1fca94c0dd51a8ed971e', 1, 30),
('回血散', 7, 300, 0, 0, 0, 0, '9bb5f086e2f1efdbc8215e55f8a4a30f', 705, 30),
('回血散', 7, 300, 0, 0, 0, 0, '43e4c5c6dda6740216e3bd54ff200c15', 2, 30),
('还原丹', 6, 100, 0, 0, 0, 0, '36f30db66d6fe42f34a91d15b6097af0', 197, 15),
('回春汤', 8, 600, 0, 0, 0, 0, '6d07cdb650fc1fca94c0dd51a8ed971e', 0, 55),
('还原丹', 6, 100, 0, 0, 0, 0, 'e0e644a3727f0f1671e917f7b376c66f', 8, 15),
('还原丹', 6, 100, 0, 0, 0, 0, 'c5cb7c746b98e872e69f0a5ef8e2d386', 8, 15),
('回血散', 7, 300, 0, 0, 0, 0, '6b7b2713b1a52397c7282509906e8c5e', 26, 30),
('回血散', 7, 300, 0, 0, 0, 0, '36f30db66d6fe42f34a91d15b6097af0', 81, 30),
('回春汤', 8, 600, 0, 0, 0, 0, '36f30db66d6fe42f34a91d15b6097af0', 115, 55),
('还原丹', 6, 100, 0, 0, 0, 0, '33619221f61feb039c524037c50aeb95', 3, 15),
('还原丹', 6, 100, 0, 0, 0, 0, '03a4c698ec11e112036183c308cfb94c', 15, 15),
('还原丹', 6, 100, 0, 0, 0, 0, 'ea5a17b7f6c42320f7c242f2871a0f8d', 21, 15),
('还原丹', 6, 100, 0, 0, 0, 0, '4f49b5eb675277e6401832966f112262', 3, 15),
('还原丹', 6, 100, 0, 0, 0, 0, '1385c8e98187fabdc04a600693e0ae8f', 2, 15),
('回春汤', 8, 600, 0, 0, 0, 0, '9bb5f086e2f1efdbc8215e55f8a4a30f', 869, 55),
('还原丹', 6, 100, 0, 0, 0, 0, 'ca0904a308346c194ff8ec780ccf6736', 3, 15),
('回春汤', 8, 600, 0, 0, 0, 0, '43e4c5c6dda6740216e3bd54ff200c15', 0, 55),
('还原丹', 6, 100, 0, 0, 0, 0, 'aa0b823f483b02cc5a7516cab09c4f92', 7, 30),
('还原丹', 6, 100, 0, 0, 0, 0, 'f58bb53a4bdd39d6d70b706d77fbc74f', 0, 30),
('回血散', 7, 300, 0, 0, 0, 0, 'f58bb53a4bdd39d6d70b706d77fbc74f', 1, 80),
('还原丹', 6, 100, 0, 0, 0, 0, '1b10aad87b70a90c7514b3aa2feb52d1', 6, 30),
('还原丹', 6, 100, 0, 0, 0, 0, 'ca083d233cbca174c1dec911b9c91e42', 3, 30),
('还原丹', 6, 100, 0, 0, 0, 0, 'c4339dfb63d53dbe95ff3f1297cd889d', 6, 30),
('还原丹', 6, 100, 0, 0, 0, 0, 'e2c3b13624da53a64bfd36596e04227b', 1, 30),
('复伤丹', 9, 1200, 0, 0, 0, 0, '099f465c0c34dd5ef59f230a21447af4', 2, 310),
('还原丹', 6, 100, 0, 0, 0, 0, '49a77fab810b41f76e378df436869254', 1, 30),
('还原丹', 6, 100, 0, 0, 0, 0, '4ab5e4638b035213c341b7d4706ded4f', 7, 30),
('还原丹', 6, 100, 0, 0, 0, 0, 'bb2a45b7652a7900e7810128a329597e', 36, 30),
('回春汤', 8, 600, 0, 0, 0, 0, 'bb2a45b7652a7900e7810128a329597e', 0, 155),
('还原丹', 6, 100, 0, 0, 0, 0, 'a805c97cc13e0d4a7e07c7552cf101f9', 24, 30),
('还原丹', 6, 100, 0, 0, 0, 0, '12b77bc3aa3cdf5b2283684271bc916c', 3, 30),
('还原丹', 6, 100, 0, 0, 0, 0, '775c0ff651b405a676fc9ee1729302f4', 32, 30),
('回血散', 7, 300, 0, 0, 0, 0, '775c0ff651b405a676fc9ee1729302f4', 146, 80),
('还原丹', 6, 100, 0, 0, 0, 0, '5f2f53403bda85d4fee078d944dd6d7e', 24, 30),
('还原丹', 6, 100, 0, 0, 0, 0, '8bf2c38ba9d08fd609a3d40b35ea659c', 4, 30),
('还原丹', 6, 100, 0, 0, 0, 0, '781a121e409741ff53f5978578067146', 6, 30),
('还原丹', 6, 100, 0, 0, 0, 0, '592857bc812f813ed52fa8b187582fc2', 0, 30),
('还原丹', 6, 100, 0, 0, 0, 0, 'eb61a0b08b9bfdfda961d64410eba5bc', 38, 30),
('还原丹', 6, 100, 0, 0, 0, 0, 'ad8f4d8e577f50deae4492bd03c96b56', 27, 30),
('还原丹', 6, 100, 0, 0, 0, 0, '127260b5602737d7ca8a56f3ff47cfde', 10, 30),
('还原丹', 6, 100, 0, 0, 0, 0, '1de67183872072ed605030a8bf3059be', 37, 30),
('还原丹', 6, 100, 0, 0, 0, 0, '77099dca8f67b65ca91af53d0461ac2f', 31, 30),
('回春汤', 8, 600, 0, 0, 0, 0, 'f58bb53a4bdd39d6d70b706d77fbc74f', 0, 155),
('还原丹', 6, 100, 0, 0, 0, 0, 'c9879e4c3738297c06b0b14d78dc39d6', 33, 30),
('回血散', 7, 300, 0, 0, 0, 0, '781a121e409741ff53f5978578067146', 10, 80),
('还原丹', 6, 100, 0, 0, 0, 0, 'ba5b232ca920fefa398ae123afcc87eb', 15, 30),
('还原丹', 6, 100, 0, 0, 0, 0, '2de0f1d3eca04c1a8aff5354db0874ed', 10, 30),
('还原丹', 6, 100, 0, 0, 0, 0, 'ce13ba86e509d2fab5ed13c2cddf00c9', 24, 30),
('还原丹', 6, 100, 0, 0, 0, 0, '4e079b4084dcdd84cf4393a003a38283', 23, 30),
('还原丹', 6, 100, 0, 0, 0, 0, 'aa588ffcf27da87551c01d7c88b24829', 16, 30),
('还原丹', 6, 100, 0, 0, 0, 0, 'a71dfe5ae44c6f0d4c4be100a2e85748', 28, 30),
('还原丹', 6, 100, 0, 0, 0, 0, '98c04e5c0946bf13d399e8577f181912', 2, 30),
('还原丹', 6, 100, 0, 0, 0, 0, '377b01fca16375319e1d921b89f66604', 13, 30),
('还原丹', 6, 100, 0, 0, 0, 0, '2007608a6942d33ec38e7c3d870fa674', 29, 30),
('还原丹', 6, 100, 0, 0, 0, 0, 'cc5cfc9a3fac118adae1bfb7f6dc6c3a', 15, 30),
('还原丹', 6, 100, 0, 0, 0, 0, 'dd58b4170ec8d6d20f876405b4b1265d', 22, 30),
('还原丹', 6, 100, 0, 0, 0, 0, 'd4cd8bac31b76768226bd72adc430ab9', 25, 30),
('还原丹', 6, 100, 0, 0, 0, 0, '97563ab1d73bbb1e071ec933b5b06e6c', 3, 30),
('还原丹', 6, 100, 0, 0, 0, 0, 'e777555550491c15e506da8cafb60086', 29, 30),
('还原丹', 6, 100, 0, 0, 0, 0, '7159624dfdba178c848da03a6ffefec9', 23, 30),
('还原丹', 6, 100, 0, 0, 0, 0, '087efeb819f49c1789df1f599ec15388', 34, 30),
('复伤丹', 9, 1200, 0, 0, 0, 0, '087efeb819f49c1789df1f599ec15388', 100, 310),
('复伤丹', 9, 1200, 0, 0, 0, 0, '3c9d1d6c8f225e9e4139cccd830fdd00', 99, 310),
('还原丹', 6, 100, 0, 0, 0, 0, '3c9d1d6c8f225e9e4139cccd830fdd00', 30, 30),
('回春汤', 8, 600, 0, 0, 0, 0, '3c9d1d6c8f225e9e4139cccd830fdd00', 8, 155),
('还原丹', 6, 100, 0, 0, 0, 0, '42352a5bb2acc1e76e8a2fa10ba7673b', 2, 30),
('还原丹', 6, 100, 0, 0, 0, 0, 'f76c11b6601d3a6ce505c616b64ed478', 0, 30),
('还原丹', 6, 100, 0, 0, 0, 0, '0ed4ce0a982475dad32cea331e8e50d7', 23, 30),
('还原丹', 6, 100, 0, 0, 0, 0, '9f98bca6ec1fa9e5b63f70012148b511', 4, 30),
('回血散', 7, 300, 0, 0, 0, 0, 'f76c11b6601d3a6ce505c616b64ed478', 1, 80),
('还原丹', 6, 100, 0, 0, 0, 0, '3bfa14243cba16bb92e090b54cc5d544', 25, 30),
('还原丹', 6, 100, 0, 0, 0, 0, 'e14b6e0d27bea46402a112c75c170887', 26, 30);

-- --------------------------------------------------------

--
-- 表的结构 `playerzhuangbei`
--

CREATE TABLE IF NOT EXISTS `playerzhuangbei` (
  `zbname` varchar(255) NOT NULL,
  `zbinfo` varchar(255) NOT NULL,
  `zbgj` varchar(255) NOT NULL,
  `zbfy` varchar(255) NOT NULL,
  `zbbj` varchar(255) NOT NULL,
  `zbxx` varchar(255) NOT NULL,
  `zbid` int(11) NOT NULL,
  `uid` int(11) NOT NULL,
  `zbnowid` int(11) NOT NULL,
  `sid` text NOT NULL,
  `zbhp` varchar(255) NOT NULL,
  `qianghua` int(11) NOT NULL,
  `zblv` int(11) NOT NULL,
  `zbtool` int(11) NOT NULL
) ENGINE=MyISAM AUTO_INCREMENT=75753 DEFAULT CHARSET=utf8;

--
-- 转存表中的数据 `playerzhuangbei`
--

INSERT INTO `playerzhuangbei` (`zbname`, `zbinfo`, `zbgj`, `zbfy`, `zbbj`, `zbxx`, `zbid`, `uid`, `zbnowid`, `sid`, `zbhp`, `qianghua`, `zblv`, `zbtool`) VALUES
('百炼轻蕊甲', '百炼轻蕊甲', '0', '8', '0', '0', 28, 422, 75742, '3c9d1d6c8f225e9e4139cccd830fdd00', '40', 0, 0, 3),
('明月之剑', '明月  明月', '3', '0', '0', '1', 25, 426, 75672, '0ed4ce0a982475dad32cea331e8e50d7', '0', 0, 0, 1),
('初级嗜血剑', '初级嗜血剑', '3', '0', '1', '3', 29, 431, 75659, '3bfa14243cba16bb92e090b54cc5d544', '0', 1, 0, 1),
('初级嗜血剑', '初级嗜血剑', '2', '0', '1', '3', 29, 422, 75683, '3c9d1d6c8f225e9e4139cccd830fdd00', '0', 0, 0, 1),
('初级嗜血剑', '初级嗜血剑', '2', '0', '1', '3', 29, 427, 75674, '9f98bca6ec1fa9e5b63f70012148b511', '0', 0, 0, 1),
('初级嗜血剑', '初级嗜血剑', '2', '0', '1', '3', 29, 426, 75666, '0ed4ce0a982475dad32cea331e8e50d7', '0', 0, 0, 1),
('陨铁武棍', '陨铁武棍', '11', '3', '1', '1', 36, 422, 75715, '3c9d1d6c8f225e9e4139cccd830fdd00', '0', 3, 0, 0),
('新手布衣', '新手使用的布衣', '0', '2', '0', '0', 24, 427, 75675, '9f98bca6ec1fa9e5b63f70012148b511', '10', 0, 0, 3),
('清风护甲', '取自清风常伴', '0', '5', '1', '0', 26, 426, 75669, '0ed4ce0a982475dad32cea331e8e50d7', '25', 0, 0, 3),
('新手布衣', '新手使用的布衣', '0', '2', '0', '0', 24, 427, 75676, '9f98bca6ec1fa9e5b63f70012148b511', '10', 0, 0, 3),
('新手布衣', '新手使用的布衣', '0', '2', '0', '0', 24, 427, 75677, '9f98bca6ec1fa9e5b63f70012148b511', '10', 0, 0, 3),
('轻蕊盔', '轻蕊盔', '1', '8', '1', '0', 30, 424, 75678, 'f76c11b6601d3a6ce505c616b64ed478', '50', 2, 0, 2),
('百炼轻蕊甲', '百炼轻蕊甲', '0', '8', '0', '0', 28, 0, 75679, '', '40', 0, 0, 3),
('百炼轻蕊甲', '百炼轻蕊甲', '0', '8', '0', '0', 28, 431, 75752, '3bfa14243cba16bb92e090b54cc5d544', '40', 0, 0, 3),
('百炼青刚剑', '百炼青刚剑', '13', '3', '0', '2', 27, 424, 75682, 'f76c11b6601d3a6ce505c616b64ed478', '0', 11, 0, 1),
('明月之剑', '明月  明月', '3', '0', '0', '1', 25, 422, 75741, '3c9d1d6c8f225e9e4139cccd830fdd00', '0', 0, 0, 1),
('清风护甲', '取自清风常伴', '0', '5', '1', '0', 26, 0, 75685, '', '25', 0, 0, 3),
('初级嗜血剑', '初级嗜血剑', '2', '0', '1', '3', 29, 0, 75687, '', '0', 0, 0, 1),
('陨铁武棍', '陨铁武棍', '8', '3', '1', '1', 36, 422, 75717, '3c9d1d6c8f225e9e4139cccd830fdd00', '0', 0, 0, 0),
('血鹰项链', '血鹰项链', '0', '3', '3', '5', 32, 424, 75713, 'f76c11b6601d3a6ce505c616b64ed478', '22', 2, 0, 0),
('雷鹰护甲', '雷鹰护甲', '0', '8', '1', '0', 31, 431, 75711, '3bfa14243cba16bb92e090b54cc5d544', '55', 0, 0, 3),
('月轮枪', '月轮枪', '10', '0', '0', '2', 37, 424, 75718, 'f76c11b6601d3a6ce505c616b64ed478', '0', 0, 0, 0),
('轻蕊盔', '轻蕊盔', '0', '7', '1', '0', 30, 422, 75709, '3c9d1d6c8f225e9e4139cccd830fdd00', '50', 0, 0, 2),
('雷鹰护甲', '雷鹰护甲', '0', '8', '1', '0', 31, 424, 75708, 'f76c11b6601d3a6ce505c616b64ed478', '55', 0, 0, 3),
('新手布衣', '新手使用的布衣', '0', '2', '0', '0', 24, 422, 75740, '3c9d1d6c8f225e9e4139cccd830fdd00', '10', 0, 0, 3),
('月轮枪', '月轮枪', '10', '0', '0', '2', 37, 424, 75719, 'f76c11b6601d3a6ce505c616b64ed478', '0', 0, 0, 0),
('百炼轻蕊甲', '百炼轻蕊甲', '0', '8', '0', '0', 28, 422, 75745, '3c9d1d6c8f225e9e4139cccd830fdd00', '40', 0, 0, 3),
('百炼轻蕊甲', '百炼轻蕊甲', '0', '8', '0', '0', 28, 422, 75746, '3c9d1d6c8f225e9e4139cccd830fdd00', '40', 0, 0, 3),
('百炼轻蕊甲', '百炼轻蕊甲', '0', '8', '0', '0', 28, 422, 75744, '3c9d1d6c8f225e9e4139cccd830fdd00', '40', 0, 0, 3),
('百炼轻蕊甲', '百炼轻蕊甲', '0', '8', '0', '0', 28, 422, 75743, '3c9d1d6c8f225e9e4139cccd830fdd00', '40', 0, 0, 3),
('百炼轻蕊甲', '百炼轻蕊甲', '0', '8', '0', '0', 28, 434, 75747, 'e14b6e0d27bea46402a112c75c170887', '40', 0, 0, 3),
('百炼轻蕊甲', '百炼轻蕊甲', '0', '8', '0', '0', 28, 0, 75748, '', '40', 0, 0, 3),
('百炼轻蕊甲', '百炼轻蕊甲', '0', '8', '0', '0', 28, 0, 75749, '', '40', 0, 0, 3),
('初级嗜血剑', '初级嗜血剑', '2', '0', '1', '3', 29, 434, 75750, 'e14b6e0d27bea46402a112c75c170887', '0', 0, 0, 1);

-- --------------------------------------------------------

--
-- 表的结构 `qy`
--

CREATE TABLE IF NOT EXISTS `qy` (
  `qyid` int(10) unsigned NOT NULL,
  `qyname` varchar(255) NOT NULL,
  `mid` int(11) NOT NULL
) ENGINE=MyISAM AUTO_INCREMENT=23 DEFAULT CHARSET=utf8;

--
-- 转存表中的数据 `qy`
--

INSERT INTO `qy` (`qyid`, `qyname`, `mid`) VALUES
(14, '新手村', 225),
(16, '聚仙城', 239),
(17, '魔化区域', 249),
(18, '万千山域', 260),
(20, '妖王殿', 267),
(21, '炎阳城', 272);

-- --------------------------------------------------------

--
-- 表的结构 `renwu`
--

CREATE TABLE IF NOT EXISTS `renwu` (
  `rwname` varchar(255) NOT NULL,
  `rwzl` int(11) NOT NULL,
  `rwdj` varchar(255) NOT NULL,
  `rwzb` varchar(255) NOT NULL,
  `rwexp` varchar(255) NOT NULL,
  `rwyxb` varchar(255) NOT NULL,
  `rwid` int(11) unsigned NOT NULL,
  `rwyq` int(11) NOT NULL,
  `rwinfo` varchar(255) NOT NULL,
  `rwcount` int(11) NOT NULL,
  `rwlx` int(255) NOT NULL,
  `rwyp` text NOT NULL,
  `lastrwid` int(11) NOT NULL,
  `rwjineng` varchar(255) NOT NULL
) ENGINE=MyISAM AUTO_INCREMENT=30 DEFAULT CHARSET=utf8;

--
-- 转存表中的数据 `renwu`
--

INSERT INTO `renwu` (`rwname`, `rwzl`, `rwdj`, `rwzb`, `rwexp`, `rwyxb`, `rwid`, `rwyq`, `rwinfo`, `rwcount`, `rwlx`, `rwyp`, `lastrwid`, `rwjineng`) VALUES
('山猪祸乱', 2, '1|5', '24', '100', '120', 13, 56, '最近山猪下山,扰乱了我们的生活,请帮我们赶跑他们', 5, 2, '6|3', 0, ''),
('收集蜂蜜', 1, '1|5', '23', '200', '100', 14, 8, '收集硬翅蜂的蜂蜜', 10, 2, '6|3', 0, ''),
('蛮!', 2, '1|30,9|50', '38', '500', '500', 19, 76, '魔道对这片大地始终不死心,诱惑了我们很多族人入魔了,希望你能够解救他们', 50, 1, '', -1, ''),
('杀!', 2, '1|50,9|50', '39', '600', '400', 20, 77, '我好怕,帮我杀了他们!!!', 50, 1, '', -1, ''),
('赤鳞兽皮', 2, '1|10,10|50', '39', '800', '350', 21, 82, '部落现在缺少大量兽皮过冬', 30, 2, '', -1, ''),
('硬翅蜂扰', 2, '1|15,6|100,7|100', '', '200', '150', 25, 55, '硬翅蜂扰', 20, 3, '', -1, ''),
('找王大妈', 3, '1|20', '25', '200', '100', 24, 11, '找王大妈', 18, 3, '6|10', 25, ''),
('故人', 3, '1|50', '29', '400', '200', 28, 11, '故人', 14, 1, '6|10', -1, ''),
('屠尽妖王', 1, '', '45', '2000', '2000', 27, 12, '屠尽妖王', 150, 1, '9|5', -1, ''),
('狼患', 2, '1|100', '', '400', '300', 29, 62, '狼患成灾，帮帮我们', 10, 3, '', 24, '');

-- --------------------------------------------------------

--
-- 表的结构 `userinfo`
--

CREATE TABLE IF NOT EXISTS `userinfo` (
  `username` text DEFAULT NULL,
  `userpass` text DEFAULT NULL,
  `token` text DEFAULT NULL
) ENGINE=InnoDB DEFAULT CHARSET=gb2312;

--
-- 转存表中的数据 `userinfo`
--

INSERT INTO `userinfo` (`username`, `userpass`, `token`) VALUES
('abc837932126', 'zzq229', '5e957390699be5a489b946a522480951'),
('YourMotherBOOM', 's819122s', '4b88bef282a4169c5f980719f6f324c0'),
('1271716477', '1271716477', '69e38acedaba6f4d9a0944e211e36f29'),
('1915498868', '1542236297', '87f8e87109d981f3f161c43ea7b42189'),
('12717164777', '1271716477', 'b6d21580c1c7811d68dd35d45600fd09'),
('yyy123456', 'yyy123', 'f1649d9584c004a44ba1350164d27edf'),
('16668888', '123456', '98b3f6fab6dde596afb2ae0c47b39531'),
('eto258159', 'zaw258159', '7c94757e2a45dacae0e888442da982b5'),
('1666888', '123456', 'c508c53d00f8fcd0f39e3d2f858d2383'),
('1250189', '123456', 'dccd00acbf6308d1eab462bcf9972ba1'),
('niubie', 'niubie', 'd5cff8630f39f71e7ec544249084b884'),
('710942034', '333ypc', 'd64870bce6d7d20e4a357e9618e67f6a'),
('xu464720', 'xu1234', 'ee2ab04d5e49a7d6c7e878f1e8eeb4e7'),
('111111', '111111', '0457f756ac8208d9da6fa2e4f432d7d0'),
('weeeee', 'qwertasdfg', '5a5248decb098173bbb8d3ea930cec57'),
('cjg199618', '254893', '9b7a95672ac9a1691085ef9e329dac2e'),
('xxxxxx', 'uuuuuu', 'a8fcf8584ee2947bd79649d6eb30104b'),
('huagui', '199618', '5b5dabca397f9ad206ae516f2a9e8d8c'),
('uuuuuu', 'xxxxxx', '7843e60906c6513f94bc9fc97236ea97'),
('eeeeee', '111111', '0f8572ed68430a1b6ac13d4ee2bf93f4'),
('2783599178', '233666', '7dda1d028412c6fcb9c2afb1510152b3'),
('1041604633', '61339557656', 'f2b2094a95d316f8d7a552f4cf3d75fe'),
('1209133343', '3331234435', 'f2351f790fadec16742d905e246bfa71'),
('13511643472', '233666', '2b755b4ea9f3cd34f5b80db286628764'),
('hahaha', '123456', '868ac3606d3fe0e98b748b17dd624fa9'),
('liu2521533', '111111', '392e801e88183e1001e949d870b2a6f3'),
('1265558010', 'yanan123', '29045222da73fb9782ba587872fabe46'),
('123456', '123456', '3e096ced657944ff66bbdfc30d059f2a'),
('asdfgh', '1234567', 'a38573d6bd430a396762778c2a57a3f5'),
('13777659292', '112233', '267ed415573736c86d3346f251b3e520'),
('abc123321', '1234567', '87c15964d286a26de34a6f4019ba6705'),
('1545445717', 'a1545445716', 'f554e88102cb7c51daa99fbfb00c3e9d'),
('zs3718140', '123456', '6d50828b4238b267d3a5bf44a5123dc6'),
('wangjie123456', '654321', '082e250dca21694791c00e681018bec4'),
('1054114709', '159357', 'e861f921ea384970fa7d8a631ad970b0'),
('a61124012', '123123', 'ae838e961d88c52fb24a2211cd8df9d3'),
('drrream', '201123', 'b321da01f057955f92a83371075f205b'),
('444444', '444444', '8eb877c767d0923e0864ceda7da22d53'),
('325ice', 'woailuo', '1a78ea55d84b740f42a3efce9ed5e007'),
('bbbaaa', 'aaaaaa', 'c02cb4450e03cd0e0c03e13c0bf00aab'),
('5w4t54te', '5w4t54te', 'f76ef3699652871251c89b5daa1567a4'),
('18915345067', 'wzywenziye724', '48da7c96f39f0138234030c804d33ff2'),
('cs3230524', 'cs2231808', '15c1bb95e92c5ba671b98701e2556304'),
('瞎逼逼', '352314693', '7688935d61a9f93e118148ef538c5cdf'),
('1455182178', '123456000', 'b99a2d628f747ce11cee67c0a778a313'),
('89283578', 'wszw5499', '08323357072c9f5d3f9daba4d9160ec9'),
('15218904755', '5201314', '93b2ceb1e895525d1700a1b7da60a711'),
('978675771', 'yyh978', '0d320ad25e1c29a8ce1223212582814f'),
('j5124343', '61339557656', '424c1ee752e07eae30db59eb93b0e793'),
('123456789', '61339557656', '67a5407f3bd067f3259a2a65bdd52113'),
('987654321', '61339557656', 'f991439686643ce5b1d0fc0a872e3660'),
('135781012', '61339557656', '79c7b27b535b0f172f9d0a6d2cb4ed38'),
('321654987', '61339557656', 'ceb90aa43625658e02b37e5262319a83'),
('asdfghjkl', '61339557656', '0e5f92407cd53a7187bb4a9dbc480cc5'),
('qwertyuiop', '61339557656', '9b0ae73594eee043ba27787e570dba38'),
('zxcvbnm', '61339557656', 'b53becb04649ff45ad85775bab3cc36b'),
('liangzhuonan', '61339557656', '16987553a705e9d2a1ed9a6e3b9900e1'),
('liangshi', '61339557656', 'cc72c71386871c352079e12210e7777b'),
('dianmiao', '61339557656', '42a85d9370a75a565b2b818eedd0633f'),
('nigebichi', '61339557656', 'e9e8704fefec8fd1d952051d1f555f98'),
('leidabudong', '61339557656', 'd83aae370b73004b9b76aba715c7acd9'),
('jipinlingshi', '61339557656', 'f34082a434aeb8ea871793819e141f43'),
('huajianzang', '61339557656', '5e43532d3bacb52519bffb544b84a3b9'),
('leijing', '61339557656', '788d14d8963f492e39a85bf8ecdd52e7'),
('yijianlian', '61339557656', '1f366fe6a264e9adf9bc76bfb33c8298'),
('85674688', '1999421', '9d7cd9a310d5970ab345abcb6c40137a'),
('86574688A', '1999421', '798951873896caab5c98b77d4f008862'),
('205273565', 'q3588563', '6edf5a4d7e3d380b8286e51d8695240c'),
('86574688', '1999421', 'f005c160bf7e515eb9967c2c74b9b10a'),
('linsoft', '123456', '8124fdc27f2a79e6f871ec6064920de8'),
('23333333333333', '123321', '3af46cc8e2d77585d2a76e62ee3fb7a4'),
('123321', '123321', '4db2ef7c070ce3be4bb5972ea261298f'),
('770325272', '770325272', '769ceaffc8b1dc661597da0282628340'),
('1928517106', '770019299eee', '92fe7382f72a6cc9a9c14e218a124c3d'),
('q123456', 'q123456', '165948a212eba800ba9be7f0a281916d'),
('半瓶神仙醋', 'wei760825311wei', '05423485f5c6b18c97b2e89e537c5cc2'),
('666666666', '666666', '75a37f21fbf987ac3023b0a3dd95eed8'),
('koow763614984', '123123', 'fc3c996aa3fc468745882e4d6bc55ac8'),
('819769328', '819769328', '9e258680fc52af4887b54b3e5efa8210'),
('qqwert', '1232123', '91f8ffbb263713f6969b489f3b1ee355'),
('宁宁', '13967810490', 'bd326fa3658ab87708b6ff4be9547407'),
('http://121.42.197.43/', 'http://121.42.197.43/', 'c164b9838f550c5bba49c3aba87df54f'),
('index.php', 'index.php', '70a033a1669b8b19707e9dc12cf699f9'),
('aaaaaaa', 'aaaaaaa', '89defce711c850804269f99337badd50'),
('1048548080', 'ggbggb', '25b7b362c176783d5365e30a37427bb8'),
('zhq19881022', 'z19881022', '97cf9304672b8c36bcd10a1cbe010c49'),
('fuheiyanjingshe', '1301303', '5a49329d0f4cee494e377ac11350b28b'),
('zitaoikcye', 'zitaoikcye', '8307b852839ff6be183ffa78a74920af'),
('abc8379', 'zzq229', '1208716e3a1ceabdba921d6b15511975'),
('yosemite', '123123', '1439529dbb71319409aff44f86bf08c5'),
('yang1234', '123456', '89f2b25387611c9b467d46ad851acf48'),
('md123456', 'md123456', '813e6e0358a0f30227e2acdc6ca9c2be'),
('1663433965', '6897632436', 'e6436241096aab70186936c60748d499'),
('wnh964', 'wnhwnhsds', '83cb0e966edf86a29cf5aaca02e07f9d'),
('204643441', 'yjmily21', 'dcc475aba47251e543a2ff6ce031643a'),
('hoodhopelin123', 'games@hood.com', '1a52dfaca0d02d88e9a5722bc55a1c54'),
('15811187781', '1928517106eee', 'aba5a4adc0e3bc7f94051bf1504468f5'),
('星辰', 'gudao15333', '7eff274ed167595dc8b8eb4097f2c2cf'),
('457482471', '666666', 'd9beb5748b38f405039a0fe6e924fe45'),
('glasseye', 'loveyou228', 'c589878e0b29e165452491a6b6aa3489'),
('kakb818', '3319247', 'de07e73c3c6d0486ae3c40425724f671'),
('qeqeqqqqqq', 'qqqqqq', 'c115d1b82d35c15478ba12a9871f8dfc'),
('453521', '453520', 'e37b4bd21958bfc226f7c7acbcaa59f0'),
('o123456789', '232356', '7a3f0a2c0aff973e011bdd9e416a735f'),
('1151223116', '1151223116', 'd59d1172c186816e44e2709501932f5c'),
('2875587647', '1234567', '77d27871c06d75e4083bb2802bade9a9'),
('2570368303', '123456', '34651c934e918b33fe3f9303bd23b0c5'),
('2977404260', '123456789', '4367784356b95082004c3d56bb4fd91a'),
('1097684180', 'wangs1234', '45ac67975b73923ba28eff5d0d037e88'),
('2803026965', '15850968690', 'aa291e5c1d6c56e564bed74b5a7baf65'),
('567890', '111111', 'dd72c5fb910fe1162cb8f92a17b3546b'),
('yi5752', 'yi5752162', '01fd1e0856a6635d955c31d0115606c1'),
('5678901', '1111111', '62d7eadcb644eb171aa9d39969465e4c'),
('56789012', '1111111', '1874e0b5e152820c0b67769648608afc'),
('1035226874', '87654321', 'd7fe1c3e19b0a7b9e57dd5be51acba52'),
('z5128442', '111111', '94665eb922234025ceea22db8b2d6fb9'),
('z51284421', '111111', '3a277f1eb3acfa1412936be55d881f54'),
('z51284422', '111111', '14ab2accfba8493fd9e966f65acd6924'),
('2729842103', '000000000', '8c3589673a9b455c75dfa8f84b73c1a7'),
('2250630365', '123456789', 'f8916af2a167370a15a9bdfb11e0c5c3'),
('129324501', '1984357986', 'f58ca5771082595f53819021e41534a7'),
('怪你入戏太深° ', 'yjxwoshiyindage', 'b17265ae61cecbc2734a953a8a5e91fb'),
('811986590', 'a1994123', 'f1e98eefae129018dc728e27560c3a8b'),
('abc2902153217', '123456', 'eb859a5144f1a9221c85ce2fed7cc296'),
('2902153217', '555555', '3bd8bda9ec9ae388ac6b8cf853a6b0fc'),
('2643521720', 'chen5201314.', 'e66aa48378e646e6f1e952eb1a6e36b1'),
('533521', '533521', '3a162b4cefc4ff3655e1830bda953576'),
('ia670470664', '8513771', '47d70ff24778d60dd1d528d355f18243'),
('gudaotian', 'EFGGGOOD', '198d61c1a7f639d7fb26bf498e4a7ff5'),
('辅导员', 'efgg15333', '82ab3cec35710e73cb57a4512cdd20c7'),
('古道', 'efgg15333', '5e6b36602ba713d6ff9e17e8702ae9d8'),
('774508', '774508', '37ac8b7cc8f71c6383f72538c0d33f53'),
('cdf999', '111111', 'af89fb352b7f7fc4ed4cd68a562c0573'),
('y461796452', 'f461796452', '1675b1c9a6394cc2f699ebae3db5ee7f'),
('87654321', '12345678', '3c0516fdc5c38119e9d3a64fe563e543'),
('qweqwe', 'qweqwe', 'a31e735487b64d02a070098dd52ed0dd'),
('bingshi', '210585', 'cef08e184be356c9a29c96227bfc5e82'),
('linbei003', 'linbei003', '7c74486aac07e72c73e40a4af553fdad'),
('test123', 'test123', '75cb838ed90b1d93c3a6b6a62e0cc5fb'),
('zjsmzhq', 'zjsmzhq', '5200d24260152a80fb6aecd14481f7fa'),
('binglong12', 'wangziquan', '055b559be237d5a8e6d901b927bea5ec'),
('1qweqwe', 'Aa123123', 'ae43278211f0185f3a8e5ee9a1a27ef9'),
('aiwenaidan', 'aiwenaidan999', '7e13f649642331458114e979170a00d1'),
('1234568', '222222', '72525ad2f4491207dda26ab5e7e5a062'),
('111222', '111222', 'ff51c8d135ed761190d7e912c3d2c11a'),
('孤岛', '1533396', 'c8f024d1496d77eda1f699d8cbca7792'),
('1337433463', '05060212M', 'ab80e91531272ff0997fa1c325760e2a'),
('123456789z', '654321', 'adafc2f53d3720e8995108d412c4fc35'),
('1969928633', '654321', '2fc7f1fe8bca86103e8b6d43adc05ae2'),
('1771206859', '124578', 'd0ac22f1cef09342c5fc9f042eadebe3'),
('2662694840', '999111222', 'ac3e5adf7d0e79be7896202e3dab78d3'),
('1234560', '1234560', '2a9a4fe21d1ad97cb9332db57046a141'),
('863756430', '123456', '42c1bd4a4cf2cd1c9b75f1e12716a5dd'),
('风遥', '1234567', '00a0c1920eb8864b355c3650bc0b699a'),
('a616909678', 'ch19950202', '2d307ab463aec2b6e8c809d8d8535107'),
('abc7777', 'zzq229', '4c33599a414dd95f7ef15bf525105cda'),
('红尘眷恋', 'long@123', '33928791763a66d71e7efe966aee2729'),
('as123456', 'as12345', '7fb690dc08d7791ee464cecad6e728d9'),
('李迩芦', '19840927', '0aec8176b7498322c9536b782fcd4a51'),
('白秋', 'qgjx1212', 'd847bc33ef1e39ede1eda873d704cb1a'),
('541420514', '2318768', '216c8e1940050708a9e88c217dec46bb'),
('shuyan', 'xht9109', 'ce87dcdacb921bdbbee6d27ccdd1a1d6'),
('hehehe', '9518520', 'c442c3f71609edbc97a16818ac7675d1'),
('1112223338', '123654789', '7fd66b9135614055df24d4fb4d95aead'),
('abctest', 'abctest', '12175fdd4a028538b06343b3e053e809'),
('道长', '123456', 'e8f07fd9dd9747eb7061440ea1f95577'),
('道长1', '123456', '634a3ef9c704b392f57961fe7f5b8dea'),
('xing030411', '030411kjk', '044ca22581d263964fd0158282fadb42'),
('123456799', '123456789', '849e353e7d5ea864cdaac5915801bc75'),
('123123', '123456', '3523574420f1cad4018e802180ae440c'),
('982162639', 'www456789', '6b95038f4e35e4c204cd63c4291f47dc'),
('1098933710', 'A123459', 'c911094e95590dda0b8a0813dca6f27f'),
('abcd123', 'abcd123', 'a3f9ecbb5e8f608ebbf0416a51004bc7'),
('whytdl', '919926256', 'b9066cad96a2d83cc94596bbb09e763c'),
('abcdefg', '123456789', '0bcbf80f605a7a4b32629e5080292a39'),
('黑猫', 'heimao', '5bcf6db33b57444bec34f05cf5fab6e8'),
('2331292718', '895207', 'a5318beda844395277cc8ca528f9cd16'),
('道长2', '123456', '0244846e79462dd7f89732301276bd56'),
('1234567', '7777777', 'db7d71820512cabea82d964fb062e143'),
('q626739426', 'q230780', 'd9ffd17ec312dd7d906d3d0bd09e9c33'),
('juhuaguai', '123456', '567e3d19771392bddf87d647b1c79370'),
('a1314520', 'a1314520', 'abec8758f4bb1bf557b0189d4e0ab5c6');

-- --------------------------------------------------------

--
-- 表的结构 `yaopin`
--

CREATE TABLE IF NOT EXISTS `yaopin` (
  `ypname` varchar(255) NOT NULL,
  `ypid` int(11) unsigned NOT NULL,
  `yphp` int(11) NOT NULL,
  `ypgj` int(11) NOT NULL,
  `ypfy` int(11) NOT NULL,
  `ypxx` int(11) NOT NULL,
  `ypbj` int(11) NOT NULL,
  `ypjg` int(11) NOT NULL
) ENGINE=MyISAM AUTO_INCREMENT=10 DEFAULT CHARSET=utf8;

--
-- 转存表中的数据 `yaopin`
--

INSERT INTO `yaopin` (`ypname`, `ypid`, `yphp`, `ypgj`, `ypfy`, `ypxx`, `ypbj`, `ypjg`) VALUES
('还原丹', 6, 100, 0, 0, 0, 0, 30),
('回血散', 7, 300, 0, 0, 0, 0, 80),
('回春汤', 8, 600, 0, 0, 0, 0, 155),
('复伤丹', 9, 1200, 0, 0, 0, 0, 310);

-- --------------------------------------------------------

--
-- 表的结构 `zhuangbei`
--

CREATE TABLE IF NOT EXISTS `zhuangbei` (
  `zbname` varchar(255) NOT NULL,
  `zbinfo` varchar(255) NOT NULL,
  `zbgj` varchar(255) NOT NULL,
  `zbfy` varchar(255) NOT NULL,
  `zbbj` varchar(255) NOT NULL,
  `zbxx` varchar(255) NOT NULL,
  `zbid` int(11) NOT NULL,
  `zbhp` varchar(255) NOT NULL,
  `zblv` int(11) NOT NULL,
  `zbtool` int(11) NOT NULL
) ENGINE=MyISAM AUTO_INCREMENT=49 DEFAULT CHARSET=utf8;

--
-- 转存表中的数据 `zhuangbei`
--

INSERT INTO `zhuangbei` (`zbname`, `zbinfo`, `zbgj`, `zbfy`, `zbbj`, `zbxx`, `zbid`, `zbhp`, `zblv`, `zbtool`) VALUES
('新手木剑', '新手使用的木剑', '1', '0', '0', '1', 23, '0', 0, 1),
('新手布衣', '新手使用的布衣', '0', '2', '0', '0', 24, '10', 0, 3),
('明月之剑', '明月  明月', '3', '0', '0', '1', 25, '0', 0, 1),
('清风护甲', '取自清风常伴', '0', '5', '1', '0', 26, '25', 0, 3),
('百炼青刚剑', '百炼青刚剑', '5', '0', '0', '2', 27, '0', 0, 1),
('百炼轻蕊甲', '百炼轻蕊甲', '0', '8', '0', '0', 28, '40', 0, 3),
('初级嗜血剑', '初级嗜血剑', '2', '0', '1', '3', 29, '0', 0, 1),
('轻蕊盔', '轻蕊盔', '0', '7', '1', '0', 30, '50', 0, 2),
('雷鹰护甲', '雷鹰护甲', '0', '8', '1', '0', 31, '55', 0, 3),
('血鹰项链', '血鹰项链', '0', '3', '3', '5', 32, '20', 0, 0),
('黑魔匕首', '黑魔匕首', '14', '0', '3', '4', 33, '0', 0, 0),
('中级噬血剑', '中级噬血剑', '15', '0', '0', '4', 34, '0', 0, 0),
('普通蛮甲', '普通蛮甲', '0', '9', '2', '0', 35, '62', 0, 0),
('陨铁武棍', '陨铁武棍', '8', '3', '1', '1', 36, '0', 0, 0),
('月轮枪', '月轮枪', '10', '0', '0', '2', 37, '0', 0, 0),
('厚土甲', '厚土甲', '0', '10', '1', '0', 38, '120', 0, 0),
('嗜魂骨忍', '嗜魂骨忍', '17', '0', '5', '3', 39, '0', 0, 0),
('百斩狂澜枪', '百斩狂澜', '20', '0', '0', '5', 40, '0', 0, 0),
('缘风·虬雷衣', '缘风·虬雷衣', '0', '10', '0', '0', 41, '150', 0, 0),
('缘风·墨魂靴', '缘风·墨魂靴', '0', '10', '3', '0', 42, '155', 0, 0),
('缘风·破军腰带', '缘风·破军腰带', '0', '14', '0', '0', 43, '170', 0, 0),
('缘风·兽魂项链', '缘风·兽魂项链', '18', '12', '4', '4', 44, '55', 0, 0),
('[神器]妖王剑', '[神器]妖王剑\r\n妖王剑碎片合成', '45', '0', '13', '11', 45, '0', 0, 0),
('劫刀', '劫刀', '25', '0', '4', '5', 46, '0', 0, 0),
('军用锁子甲', '军用锁子甲', '5', '16', '5', '0', 47, '170', 0, 0),
('军官陌刀', '军官陌刀', '30', '0', '5', '4', 48, '0', 0, 0);

-- --------------------------------------------------------

--
-- 表的结构 `zhurenwu`
--

CREATE TABLE IF NOT EXISTS `zhurenwu` (
  `zrwname` varchar(255) NOT NULL,
  `zrwid` int(11) NOT NULL,
  `zrwyq` varchar(255) NOT NULL,
  `yqcount` varchar(255) NOT NULL,
  `zrwjldj` varchar(255) NOT NULL,
  `zrwjlzb` varchar(255) NOT NULL,
  `zrwjlyp` varchar(255) NOT NULL,
  `zrwjljn` varchar(255) NOT NULL,
  `lastid` int(11) NOT NULL,
  `zrwexp` int(11) NOT NULL,
  `zrwyxb` int(11) NOT NULL
) ENGINE=MyISAM DEFAULT CHARSET=utf8;

--
-- Indexes for dumped tables
--

--
-- Indexes for table `boss`
--
ALTER TABLE `boss`
  ADD PRIMARY KEY (`bossid`);

--
-- Indexes for table `bugcollect`
--
ALTER TABLE `bugcollect`
  ADD PRIMARY KEY (`id`);

--
-- Indexes for table `club`
--
ALTER TABLE `club`
  ADD PRIMARY KEY (`clubid`);

--
-- Indexes for table `clubplayer`
--
ALTER TABLE `clubplayer`
  ADD PRIMARY KEY (`sid`);

--
-- Indexes for table `daoju`
--
ALTER TABLE `daoju`
  ADD PRIMARY KEY (`djid`);

--
-- Indexes for table `duihuan`
--
ALTER TABLE `duihuan`
  ADD PRIMARY KEY (`dhid`,`dhm`);

--
-- Indexes for table `fangshi_dj`
--
ALTER TABLE `fangshi_dj`
  ADD PRIMARY KEY (`payid`);

--
-- Indexes for table `fangshi_zb`
--
ALTER TABLE `fangshi_zb`
  ADD UNIQUE KEY `payid` (`payid`),
  ADD UNIQUE KEY `zbnowid` (`zbnowid`);

--
-- Indexes for table `fb`
--
ALTER TABLE `fb`
  ADD PRIMARY KEY (`fbid`);

--
-- Indexes for table `game1`
--
ALTER TABLE `game1`
  ADD PRIMARY KEY (`uid`);

--
-- Indexes for table `ggliaotian`
--
ALTER TABLE `ggliaotian`
  ADD PRIMARY KEY (`id`);

--
-- Indexes for table `guaiwu`
--
ALTER TABLE `guaiwu`
  ADD PRIMARY KEY (`id`);

--
-- Indexes for table `im`
--
ALTER TABLE `im`
  ADD PRIMARY KEY (`imuid`);

--
-- Indexes for table `imliaotian`
--
ALTER TABLE `imliaotian`
  ADD PRIMARY KEY (`id`);

--
-- Indexes for table `jineng`
--
ALTER TABLE `jineng`
  ADD PRIMARY KEY (`jnid`);

--
-- Indexes for table `mid`
--
ALTER TABLE `mid`
  ADD PRIMARY KEY (`mid`);

--
-- Indexes for table `midguaiwu`
--
ALTER TABLE `midguaiwu`
  ADD PRIMARY KEY (`id`);

--
-- Indexes for table `npc`
--
ALTER TABLE `npc`
  ADD PRIMARY KEY (`id`);

--
-- Indexes for table `playerchongwu`
--
ALTER TABLE `playerchongwu`
  ADD PRIMARY KEY (`cwid`);

--
-- Indexes for table `playerdaoju`
--
ALTER TABLE `playerdaoju`
  ADD UNIQUE KEY `djzl` (`djzl`);

--
-- Indexes for table `playerzhuangbei`
--
ALTER TABLE `playerzhuangbei`
  ADD PRIMARY KEY (`zbnowid`);

--
-- Indexes for table `qy`
--
ALTER TABLE `qy`
  ADD PRIMARY KEY (`qyid`);

--
-- Indexes for table `renwu`
--
ALTER TABLE `renwu`
  ADD PRIMARY KEY (`rwid`);

--
-- Indexes for table `yaopin`
--
ALTER TABLE `yaopin`
  ADD PRIMARY KEY (`ypid`);

--
-- Indexes for table `zhuangbei`
--
ALTER TABLE `zhuangbei`
  ADD PRIMARY KEY (`zbid`);

--
-- Indexes for table `zhurenwu`
--
ALTER TABLE `zhurenwu`
  ADD PRIMARY KEY (`zrwid`);

--
-- AUTO_INCREMENT for dumped tables
--

--
-- AUTO_INCREMENT for table `boss`
--
ALTER TABLE `boss`
  MODIFY `bossid` int(10) unsigned NOT NULL AUTO_INCREMENT,AUTO_INCREMENT=3;
--
-- AUTO_INCREMENT for table `bugcollect`
--
ALTER TABLE `bugcollect`
  MODIFY `id` int(11) NOT NULL AUTO_INCREMENT,AUTO_INCREMENT=30;
--
-- AUTO_INCREMENT for table `club`
--
ALTER TABLE `club`
  MODIFY `clubid` int(11) NOT NULL AUTO_INCREMENT,AUTO_INCREMENT=5;
--
-- AUTO_INCREMENT for table `daoju`
--
ALTER TABLE `daoju`
  MODIFY `djid` int(11) NOT NULL AUTO_INCREMENT,AUTO_INCREMENT=13;
--
-- AUTO_INCREMENT for table `duihuan`
--
ALTER TABLE `duihuan`
  MODIFY `dhid` int(11) unsigned NOT NULL AUTO_INCREMENT,AUTO_INCREMENT=22;
--
-- AUTO_INCREMENT for table `fangshi_dj`
--
ALTER TABLE `fangshi_dj`
  MODIFY `payid` int(11) unsigned NOT NULL AUTO_INCREMENT,AUTO_INCREMENT=11;
--
-- AUTO_INCREMENT for table `fangshi_zb`
--
ALTER TABLE `fangshi_zb`
  MODIFY `payid` int(11) NOT NULL AUTO_INCREMENT,AUTO_INCREMENT=9;
--
-- AUTO_INCREMENT for table `game1`
--
ALTER TABLE `game1`
  MODIFY `uid` int(11) NOT NULL AUTO_INCREMENT,AUTO_INCREMENT=438;
--
-- AUTO_INCREMENT for table `ggliaotian`
--
ALTER TABLE `ggliaotian`
  MODIFY `id` int(255) NOT NULL AUTO_INCREMENT,AUTO_INCREMENT=4138;
--
-- AUTO_INCREMENT for table `guaiwu`
--
ALTER TABLE `guaiwu`
  MODIFY `id` int(11) NOT NULL AUTO_INCREMENT,AUTO_INCREMENT=100;
--
-- AUTO_INCREMENT for table `imliaotian`
--
ALTER TABLE `imliaotian`
  MODIFY `id` int(11) NOT NULL AUTO_INCREMENT,AUTO_INCREMENT=5;
--
-- AUTO_INCREMENT for table `jineng`
--
ALTER TABLE `jineng`
  MODIFY `jnid` int(10) unsigned NOT NULL AUTO_INCREMENT,AUTO_INCREMENT=9;
--
-- AUTO_INCREMENT for table `mid`
--
ALTER TABLE `mid`
  MODIFY `mid` int(11) unsigned NOT NULL AUTO_INCREMENT,AUTO_INCREMENT=274;
--
-- AUTO_INCREMENT for table `midguaiwu`
--
ALTER TABLE `midguaiwu`
  MODIFY `id` int(10) unsigned NOT NULL AUTO_INCREMENT,AUTO_INCREMENT=2315092;
--
-- AUTO_INCREMENT for table `npc`
--
ALTER TABLE `npc`
  MODIFY `id` int(11) unsigned NOT NULL AUTO_INCREMENT,AUTO_INCREMENT=27;
--
-- AUTO_INCREMENT for table `playerchongwu`
--
ALTER TABLE `playerchongwu`
  MODIFY `cwid` int(11) NOT NULL AUTO_INCREMENT,AUTO_INCREMENT=3593;
--
-- AUTO_INCREMENT for table `playerdaoju`
--
ALTER TABLE `playerdaoju`
  MODIFY `djzl` int(255) NOT NULL AUTO_INCREMENT,AUTO_INCREMENT=467;
--
-- AUTO_INCREMENT for table `playerzhuangbei`
--
ALTER TABLE `playerzhuangbei`
  MODIFY `zbnowid` int(11) NOT NULL AUTO_INCREMENT,AUTO_INCREMENT=75753;
--
-- AUTO_INCREMENT for table `qy`
--
ALTER TABLE `qy`
  MODIFY `qyid` int(10) unsigned NOT NULL AUTO_INCREMENT,AUTO_INCREMENT=23;
--
-- AUTO_INCREMENT for table `renwu`
--
ALTER TABLE `renwu`
  MODIFY `rwid` int(11) unsigned NOT NULL AUTO_INCREMENT,AUTO_INCREMENT=30;
--
-- AUTO_INCREMENT for table `yaopin`
--
ALTER TABLE `yaopin`
  MODIFY `ypid` int(11) unsigned NOT NULL AUTO_INCREMENT,AUTO_INCREMENT=10;
--
-- AUTO_INCREMENT for table `zhuangbei`
--
ALTER TABLE `zhuangbei`
  MODIFY `zbid` int(11) NOT NULL AUTO_INCREMENT,AUTO_INCREMENT=49;
/*!40101 SET CHARACTER_SET_CLIENT=@OLD_CHARACTER_SET_CLIENT */;
/*!40101 SET CHARACTER_SET_RESULTS=@OLD_CHARACTER_SET_RESULTS */;
/*!40101 SET COLLATION_CONNECTION=@OLD_COLLATION_CONNECTION */;
